Grated Parmesan;431
Passion Fruit;97
Peanuts;567
Cheese Whiz;276
Pancake;227
Ranch Dressing;510
Marble Cake;339
Chickpeas;364
Whole Wheat Bread;247
Parsnips;75
Vegetable Soup;28
Serrano Pepper;32
Baskin-Robbins;239
Creamy Yogurt;90
Cobb Salad;118
Angel Delight;451
Sesame Paste;595
Cod Liver Oil;1000
Okara;77
Bratwurst;333
Yoplait Greek Vanilla;100
Bran Flakes;356
Orzo;357
Lager Beer;43
Pork Crown Roast;212
Pickled Herring;262
Banana;89
Carvel;212
Sandwich Cheese;148
Vegetable Pizza;256
Cilantro;23
Vanilla Sugar;357
Deep-Fried Tofu;271
Chocolate Milk;89
Potato Soup;80
Lamb Meat;202
Olde English;45
Matzo Bread;351
Yam Bean;38
Candied Orange Peel;97
Semi-skimmed Milk;50
Malt Beer;37
Coconut Oil;857
Deviled Eggs;201
Ice Milk;159
Yoplait Key Lime Pie;100
Boysenberry Juice;54
Brandy;213
Honeydew;36
Radishes;16
Celery;16
Nectarine;44
Pan de Sal;293
Sprinkles;500
Purple Majesty Potatoes;72
Hoki;121
Corned Beef;251
Guinness;35
Pomegranate Juice;66
Veal Leg;211
Yoplait Greek Coconut;100
Jarlsberg;352
Raisin Bran Crunch;355
Coke;42
Post Shredded Wheat;347
Gnocchi;133
Almond Extract;258
Passion Fruit Juice;48
Chicken Sandwich;241
Raspberries;52
Dutch Cheese;393
Nachos with Cheese;306
Romano;387
Chex;387
Vegemite;180
Drambuie;358
Challah;283
McRib;265
Oregano;265
Kebab;215
Fajita;117
Ferrero Rocher;576
Skim Milk Yogurt;56
Roast Beef;187
Cornbread;179
Harissa;52
Pineapple Cream Cheese;342
Nutri-Grain;351
Pheasant Leg;239
Oatibix;421
Lassi;75
Beef Salami;375
Baked Ham;343
Vegetable Stock;5
Mutton Meat;234
Canola Oil;884
Pepperoni Pizza;255
Fish and Chips;195
Pandesal;293
Italian BMT;183
Pork Stomach;250
Rhea;160
Potatoes au Gratin;132
Canned Grapes;76
Mustard Greens;27
Breakfast Sausage Links;339
Sardines;208
Yellow Tail Wine;71
Alligator Meat;232
Meatball Sandwich;161
Candy Apple;152
Nonpareils;475
Coffee;1
Vanilla Extract;288
Onion Soup;23
Chicken Pizziola;141
Keystone Light;29
Grapefruit;42
Peppermint bark;500
Veal Heart;186
Coffee Creamer;195
Edam;357
Plain Yogurt;61
Spaghetti Bolognese;132
Linseed Oil;837
Slush Puppie;50
Yogurt Corner;119
Lychee;66
Pork Roast;247
Rolling Rock;37
Post Raisin Bran;322
Samosa;214
Gelatin;335
Goat Milk;69
Oxtail Soup;28
Cracklin Oat Bran;402
Nectar;53
White Pepper;296
Double Rainbow;257
Soy Nuts;471
Ginkgo Nuts;182
Coke Zero;1
Limeade;128
Turkey Salami;152
Yeast (dry);325
Potato Bread;266
Savoury Biscuits;347
Vegetarian Pizza;256
Beaver Meat;212
Beechnut;576
Zinfandel;88
Soy Beans;147
Vegetable Oil;800
Salt Meat;286
Leerdammer Cheese;284
Vegetable Shortening;884
Macaroni and Cheese;370
Pheasant Breast;133
Fenugreek;323
Shiraz;71
Beef Sirloin;182
Pork Ragout;73
Cream Cheese with Herbs;342
Marsala Wine;100
Sucrose;387
Pizza Hut Stuffed Crust Pizza;255
Reindeer;200
Grapes;69
Pierogi;200
Italian Bread;271
Naan;310
Marzipan;411
Cheese Spread;290
Glass Noodles;192
Oat Bran;246
Mushrooms;22
Lobster Bisque Soup;100
Pineapple Juice;53
Nestea;21
Soy Mayonnaise;322
California Roll;93
Pork Loin;204
Onion;40
Cupcakes;305
Dark Rum;216
Keystone Ice;40
Wheat Bran;216
Rum;231
Potato Pancakes;268
White Wine;82
Sausage Roll;350
Old Milwaukee;41
Corn Pops;377
Turnip Greens;20
Chocolate Yogurt;128
Cumin Seed;375
Sourdough Bread;289
Pavlova;294
Tamarind;239
Young Gouda;356
Peter Pan Peanut Butter;609
Butterscotch Chips;539
Butternut;612
I can\’t believe it\’s not Butter;357
Orange Chicken;259
Balsamic Vinegar;88
Chardonnay;85
Porter;54
Raisins;299
Candy Floss;400
Kefir;55
Strawberry Yogurt;100
Semolina Flour;350
Pike;113
Vanilla Bean;250
IPA;51
Quaker Oatmeal;375
Honey Nut Cheerios;393
St. Pauli Girl;42
Capicola;110
Salad Dressing;449
Tortellini;291
Toast;261
Red Kidney Bean;337
Water;0
Chive Cream Cheese;342
Apple Cobbler;198
Smarties;357
Halloumi;321
Carrot Juice;40
Emu;152
Mint Chocolate Chip Ice Cream;239
Sauvignon Blanc;81
Scooters;367
Karamalz;37
Cabbage;25
Venison;164
Beef Melt;271
Gatorade;23
Rusk;410
Strawberry Ice Cream;236
Diet Pepsi;0
Cider Vinegar;21
Cola;42
Almond Butter;614
Marjoram;271
Physalis;49
McDonald’s McChicken;251
Calf Liver;192
S’mores;500
Chicken Fat;898
Genesee Cream Ale;46
Bengal Gram;364
Brittle;592
Wendy’s Son of Baconator;321
Special K Protein Plus;375
Racoon Meat;255
Chicken Nuggets;296
Carrot Cake;408
Ziti;352
Kidney Beans;337
Fennel Seed;345
Cooked Ham;133
Shirataki Noodles;18
Grape Juice;60
Rack of Pork;241
Strawberry Preserves;278
Fanta;39
Mutton;234
Sapodilla;83
Cocoa Krispies;386
Goose Liver;133
Smarties McFlurry;198
Jim Beam;222
Chocolate Chip Ice Cream;215
Cider;49
Worcestershire Sauce;78
Roast Dinner;198
Macadamia Oil;819
Pork Melt;219
Arrabiata Sauce;36
Peas;81
Pineapple Upside-Down Cake;319
Corona;42
Peking Duck;225
Garlic Powder;331
Cranberry Grape Juice;71
Dumplings;124
Burger King Whopper with Cheese;241
Whiting;116
Veal Tenderloin;217
Chestnut;213
Dragon Fruit;60
Gummi Bears;316
Firm Tofu;70
Arugula;25
Chocolate Ice Cream;216
Cold Stone Creamery;232
3 Musketeers;400
Minute Maid Light;2
Apricot Jam;250
Duck;337
Minestrone;34
Hawaiian Punch;31
Powerade;16
Pound Cake;390
Monterey;373
Radish Seeds;43
Chocolate;529
Veal Shank;177
Farfalle;358
Canada Dry Ginger Ale;41
Red Cabbage;31
Pollack;111
Lemon Juice;21
Salmon;206
Strawberry Cheesecake;327
BBQ Pizza;224
Lacy Swiss Cheese;321
Chocolate Philadelphia;287
Monterey Jack Cheese;373
McDonald’s Cheeseburger;263
Riesling Wine;80
Skittles;405
Fettuccine;353
BBQ Rib;212
Yoplait French Vanilla;100
Strip Steak;117
Whole Milk;61
Rocky Road Ice Cream;257
Amaranth;371
Cantaloupe Melon;34
Golden Grahams;400
Taro;112
Canned Tangerines;61
Whole Wheat Flour;340
Jack Daniel’s;146
Boiled Ham;126
Plum Cake;109
Root Beer;41
Dried Fruit;243
Butter Pecan Ice Cream;248
Ketchup;100
Veal Shoulder;183
Lard;898
Thai Soup;60
Cashew;553
Natto;212
Refried Beans;91
Frankfurters;305
French Fries;312
Asti;138
Golden Mushroom Soup;65
Chicken Stomach;148
Potato Starch;331
Raclette Cheese;357
Maple Syrup;270
Yoplait Strawberry Banana;100
Lamb;202
Beef Kidney;158
Scotch Broth;33
String Cheese;250
Bitter Lemon;34
Papaya Juice;58
Special K;377
Fruit salad;50
Spareribs;238
Spring Roll;250
Chili Powder;282
Egg Nog;88
Puff Pastry;558
Grissini;408
Veggie Pizza;231
Coffee Cake;331
Corn;365
Tomato Paste;82
Canned Cranberries;178
Brownies;405
Canned Apricots;48
Veggie Patty;390
Sesame Seeds;573
Beef Lung;120
Maasdam Cheese;344
Froot Loops;379
Chicken Legs;174
Ground Round;212
Soynut Butter;562
Soybeans;147
Pig Kidney;151
Chicken Stock;16
Wine;83
Beef Noodle Soup;34
Capsicum;27
Pink Grapefruit;42
Tortilla;237
Peach Yogurt;97
Yoplait Greek Blueberry;100
Chitterlings;233
Rib Eye Steak;217
Kamut;337
Tarte Flambée;253
Fruit Cake;324
Pez;427
Crumb Cake;441
Basil;233
Jalapeno;13
Plaice;91
Duck Breast;201
Rose Wine;71
Sambuca;333
Drumsticks;255
Spinach Feta Pizza;242
Sprite;37
Coconut Milk;230
Coca Cola;42
Chocolate Wine;256
Sour Cream;181
Chicken Bouillon;4
Lemon Meringue Pie;268
Irish Whiskey;233
Canned Blueberries;88
Hurricane High Gravity;39
Cellophane Noodles;351
Maltitol;210
Flageolet;85
Sauerkraut Juice;14
Boudin;194
Iced Tea;27
Canned Grapefruit;37
Beef Tripe;94
Beef Tallow;902
Yams;116
Freekeh;520
Apple Crisp;156
Stout;51
Fish Sticks;290
Whoopie Pie;400
Granola Bars;452
Guinea-Fowl;158
Maraschino Cherries;165
Orange Sauce;179
Pig Heart;148
Antelope Meat;150
Peanut Bar;533
Diet Dr. Pepper;0
Miller High Life Light;31
Savory;272
Noodle Soup;34
Pork Rib Roast;159
Minced Veal;143
Beef Jerky;410
Clam;148
Mozzarella Pizza;249
Pork Steaks;196
Raspberry Pie;240
Broccoli Cheese Soup;87
Tonic Water;35
Poppy-Seed Cake;394
Sambal Oelek;21
Glenfiddich;230
White Beans;336
Honey Brown;42
Sesame Oil;884
Cottonseed Oil;882
Soursop Fruit;66
Cream of Wheat;364
Chicken Leg;174
Canned Pears;35
Burger King Premium Alaskan Fish Sandwich;259
Chorizo;455
Biscuit;269
Olive Cream Cheese;342
Creme Fraiche;393
English Muffin;227
Smart Start;371
Manchego Cheese;320
Pinot Noir;75
Cinnamon Bun;436
Turkey Wings;221
Ground Beef;241
Kale;49
Corned Beef Hash;164
Miso;199
Yukon Gold Potatoes;82
Turkey Steak;189
Ground Cinnamon;247
Amaretto;310
Advocaat;283
Casaba Melon;28
Marshmallow Fluff;666
Veal Sirloin;204
Potato Dumpling;124
Feijoa;55
Brussels Sprouts;43
Milk;61
Pizza;267
Yerba Mate;62
All Purpose Flour;364
Filet-o-Fish;282
Green Gram;347
Sugar Puffs;379
Chicken Breast;163
Gjetost;466
Wedding Soup;53
Ling;109
Roasted Soybeans;471
Tiramisu;283
Tap Water;0
Muenster Cheese;368
Paprika;282
Cumin;375
Blood Sausage;379
Bianca Pizza;246
Mango;60
Cornmeal;362
Blood Oranges;50
Empanada;335
Magnolia;230
Chicken Tikka Masala;81
Turkey Liver;189
Shrimp Cocktail;464
Ostrich;145
Quaker Grits;344
Garlic Cream Cheese;342
Cake Flour;362
Ground Chuck;250
Rice Chex;387
Ring Bologna;286
Onion Powder;341
Arrowroot;65
Fruitopia;110
Roti;264
Polish Sausage;301
Wild Boar Meat;160
Barley Groats;100
Duck Liver;136
Spam;315
Elderflower Cordial;29
Linguica;282
Babybel;333
Mint;70
Shad;252
Wendy’s Jr. Bacon Cheeseburger;261
Figs;74
Rump Steak;171
Carlsberg;32
Colt 45;44
Schnitzel;156
Swiss Cheese;380
Peanut Butter Sandwich;408
Pork Country-Style Ribs;247
Sweet Chestnut;194
Endive;17
Lemon Grass;99
Beef Brain;196
Philadelphia Cream Cheese;342
Shredded Wheat;340
Filet Mignon;207
Scallops;111
Fructose;368
Tomato Juice;17
Mushroom Soup;35
Rolo;474
Maracuya;97
Roquefort;369
Beef Goulash;123
Budweiser Chelada;52
Tzatziki;117
Omelette;154
Skirt Steak;205
Gouda;356
Capellini;353
Currants;56
Carrot;41
Canned Mixed Fruit;71
BBQ Chicken Pizza;234
Apple Cake;252
Landjaeger;352
Cream of Tartar;258
Mandarin Oranges;53
Banana Nut Bread;326
Cornish Hens;259
Clamato;60
Pear;57
Sloppy Joes;154
Horchata;54
Saffron;310
Pecan Nuts;691
Activia Lemon;100
Blue Moon;48
Dosa;66
Skippy Peanut Butter;594
Cheese Platter;357
Thin Crust Pizza;261
French Dressing;60
Baked Chicken;164
Yorkshire Pudding;553
Potato Gratin;132
Soufflé;204
Wahoo;167
Brioche;346
Pumpkin Pie Spice;342
Ricotta;174
Apple Turnover;348
Merlot Wine;83
Maltose;344
Rice Milk;49
Black Beans;341
Cream;242
Cheese Slices;356
Cream Cheese;342
Cream of Mushroom Soup;39
Canned Fruit Cocktail;81
Bread Flour;361
McFlurry;153
Rice Bran Oil;889
Pea Soup;75
Pita Bread;275
Tea;1
Soy Cheese;235
Dumpling Dough;124
Summer Sausage;298
Salami;336
Swordfish;172
Beef Bouillon;3
Birthday Cake;465
Popcorn;582
Altbier;43
Spare Ribs;238
Chicken Wings;324
Fuze;20
Chard;19
Philly Cheese Steak;250
Red Velvet Cake;367
Tiramisu Cake;291
Penne;351
Macaroni;370
Vegetable Broth;5
Take 5;476
Magnum Gold;341
Yoplait Greek Strawberry;100
Chicken Drumsticks;185
Baking Soda;0
Weisswurst;313
Azuki Bean;124
Dill Weed;43
Liquor;250
Pilsner;43
Breadsticks;400
Chicken Salad;81
Panettone;360
Andouille;232
Candy Cane;423
Buttermilk Ranch Dressing;533
Peppermint Extract;0
Jujube;79
Sangria;96
Smoked Salmon;158
Peach Pie;223
Rock Sugar;625
Liverwurst;326
Curry Ketchup;124
Chocos;380
Steel Reserve;63
Magnum;300
Pheasant Meat;239
Cinnamon;247
Baileys;327
Cardamom;311
Applesauce Cake;358
Beef Tongue;284
Bagel;257
Sunflower Oil;884
Pâté (720), Pate;319
Sunkist;25
Tuna;86
Soy Nut Butter;562
Fruit Yogurt;97
Emmentaler;357
McDonald’s McRib;265
Hazelnut Oil;889
Butter;720
Blue Cheese Dressing;533
Wheat Gluten;325
Arby’s Roast Beef Classic;234
Apple Pie;237
Paella;156
Italian Cheese;397
Cheese Fondue;228
Magnum Double Chocolate;380
Ginger;80
Acai;70
Papaya;43
Smuckers Strawberry Jam;250
Dill;43
Plantain;122
Quattro Formaggi Pizza;248
Sprite Zero;0
Poppy Seeds;525
Rabbit;197
Weetabix;358
Dried Apricots;241
Cheese Pastry;374
Burger King Whopper Jr.;234
Neufchatel;253
Cherry Tomato;100
Garlic;149
Spaghetti;370
Canned Sour Cherries;114
Soybean Oil;889
Frosted Cheerios;393
Sweetened Condensed Milk;321
Chenin Blanc;80
Magnum Almond;315
Swiss Roll;439
Count Chocula;407
Whisky;250
Pork Shank;172
Red Gold Potatoes;89
Miller Lite;27
Round Steak;182
Sweet Red Wine;81
TaB;0
Cheesecake;321
Cream of Asparagus Soup;35
Cocoa Puffs;400
Corn Waffles;274
Maltesers;498
Butterfish;187
Soy Sauce;67
Pinot Gris;83
Mini Milk;120
Bud Light Chelada;43
Burger King Triple Whopper;269
Soy Protein Powder;338
Sausage Rolls;297
Hot Sausage;259
Coconut Water;19
Puff;367
Chocolate Chips;493
Chicken Pizza;234
Menhaden Oil;911
Aubergine;25
Pesto Cream Cheese;342
Canned Sliced Pineapple;53
Milo;409
Pulled Pork Sandwich;211
Feta Cream Cheese;342
Eggy Bread;196
Fried Potatoes;312
New York Style Pizza;169
Tomato Rice Soup;47
Catalina Dressing;282
Kiwi;61
Porterhouse Steak;247
Beef Brisket;137
Teriyaki Sauce;89
Pie;237
Chuck Roast;141
Broth;100
Calf Lung;104
Veal Kidney;163
Chicken Breast Fillet;79
Flaxseed;534
Vanilla Coke;45
Schweppes Ginger Ale;38
Plantains;122
Pizza Hut Supreme Pizza;248
Lasagne Sheets;271
Zesty Italian Dressing;267
Crumpet;178
Falafel;335
Pretzel Sticks;380
Buffalo Chicken Pizza;252
Sage;315
Cracker;502
Sardine Oil;902
Red Lentils;329
Fiber One;267
Capon;229
Cherry Jam;250
Gouda Cheese;356
Squirt;44
Dried Cranberries;308
Cookie Crisp;400
Canadian-Style Bacon;107
Knackwurst;307
Sparkling Wine;190
Beef Pancreas;271
White Pizza;246
Puy Lentils;345
Burger King Double Whopper with Cheese;249
Millet Gruel;46
Black and White Cookie;381
Cheeseburger;263
Wedding Cake;381
Turbot;122
Raisin Bran;322
Bran Muffins;270
Bud Light Lime;34
Ajvar;18
Grilled Pizza;226
Octopus;164
Greek Yogurt;53
BLT;247
Pork Sausage;339
Latte Macchiato;57
Meringue;285
French Vanilla Ice Cream;201
Cumberland Sausage;250
Currant Juice;48
Jerky;410
Wild Boar;160
Mars Bar;448
Volvic;0
Crystal Light;263
Canned Figs;107
Quinoa;368
Custard;122
Chimichanga;232
Grape-Nuts;362
Pop Rocks;358
Black Pudding;379
Goa Bean;409
Cayenne Pepper;318
Flapjack;486
Trix;400
Cornstarch;381
Prickly Pear;41
Rajma;140
Standing Rib Roast;333
Newcastle;39
Rhubarb Pie;245
Pretzel Roll;338
Buckwheat;343
Pumpkin Seeds;560
Dates;282
Black Olives;115
Blueberry Jam;250
Soy Noodles;216
Mello Yello;49
Orecchiette;370
Spicy Italian;219
Apple Butter;173
Black Gram;341
Malbec;82
Pork Belly;518
Nutella;544
Brown Lentil;353
Cream of Broccoli Soup;45
Emmental;357
Bakewell Tart;430
Cannoli;254
Bear Meat;259
Caviar;264
Crystallized Ginger;335
Triggerfish;93
Banana Juice;50
Vinegar;18
Pumpkin Seed Oil;880
Curly Fries;311
Caramel Popcorn;376
Alfalfa Sprouts;23
Shredded Coconut;501
Macadamia Nuts;718
Sorbitol;375
Chicken Teriyaki Sandwich;138
Flaxseed Oil;884
Turnips;28
Corn Syrup;281
Chia Seeds;486
Cream of Celery Soup;37
O’Doul’s (N.A.);19
Mulberries;43
Cherry Yogurt;97
Double Cheeseburger;267
Applewood;410
Pistachios;562
Dairy Milk McFlurry;186
McFlurry Oreo;186
Pomelo;38
Chicken Caesar Salad;127
Juniper;45
Ham;145
Asian Pear;42
Gluten;370
Magnum Double Caramel;355
Orange Peel;97
Fortune Cookies;214
Chicken Giblets;158
Couscous;376
Chocolate Milkshake;125
Black Forest Cake;264
Spelt Semolina;360
Pork Chops;196
Caraway Seeds;333
Red Snapper;128
Dampfnudel;274
Lime Juice;21
Crayfish;87
Cabernet Sauvignon;77
Busch Light;27
Mozzarella;280
Pig’s Tail;396
Margarine;717
Arby’s Roast Beef Max;234
Dark Beer;46
Rice Krispies;394
Wheat Starch;351
Goose;305
Milkshake (dry);329
Penne Rigate;370
Stilton Cheese;393
Vanilla Cone;162
Marshmallows;318
Bean Stew;133
Squirrel;173
Chambord;348
Apricot Nectar;56
Ghee;120
Canadian Whiskey;216
Jambalaya;100
Coriander;23
Sago;354
Garlic Bread;350
Mayonnaise;692
Canned Fruit Salad;50
Pork Ribs;292
Capri-Sun;41
White Potatoes;94
Natural Light;27
Weetos;378
White Bread;238
Beef Prime Rib;404
Solero;100
Chicken McNuggets;302
Egg Roll;250
Non-alcoholic Beer;37
Tangerine;53
Pecan;691
Canned Peaches;54
Cloves;274
Chicken Drumstick;185
Custard Powder;337
Evian;0
Whopper;231
Russet Potatoes;97
Vanilla Milkshake;149
Pibb Xtra;40
Chili Bean;97
Budweiser;41
Turkey Cutlet;189
Smoked Cheese;410
Rum Cake;351
Yoplait Harvest Peach;100
Pabst Blue Ribbon;41
Dim Sum;193
Kumara;86
Low Carb Pasta;282
Cappelletti;164
Dal;330
Flounder;86
Salt;0
Jagermeister;250
Applesauce;62
Focaccia;249
Caramel Cake;475
Beetroot;43
Liver Pate;319
Pork Bacon;407
Cheerios;347
Pig’s Trotter;243
Brown Rice;388
Tomato;18
Fennel;31
Chamomile Tea;0
Goose Meat;238
Broccoli Soup;87
Chocolate Mousse;225
Gingerbread;356
Couverture;600
Angel Food Cake;258
Seafood Pizza;245
Heavy Cream;345
Yoplait Mixed Berry;100
Parma Ham;345
Magnum White;297
Bud Light;29
Cane Sugar;387
Poppy Seed Oil;884
Burger King Original Chicken Sandwich;301
Cotton Candy;643
Spanakopita;246
Eel;236
Chili con Carne;105
McDonald’s Big Mac;256
Millet Flour;372
Rigatoni;353
Crunchy Nut Cornflakes;600
Tempeh;193
Spring Rolls;250
Jordan Almonds;429
Beef Pizza;304
Kelloggs Corn Flakes;357
Asiago Cheese;392
Bircher Muesli Yogurt;109
Vegetable Cream Cheese;342
Lemon Pie Filling;143
Potato Salad;143
Plum Jam;250
Cava;76
Hemp Oil;807
Fanta Zero;0
Apple;52
Aloe Vera;44
Canned Blackberries;92
Opera Cake;320
Bolognese;106
Hummus;177
Sunbutter;617
Roasted Almonds;452
Miller High Life;40
Butterfinger;450
Deep Dish Pizza;265
Diet Coke;1
Stuffed Crust Pizza;255
German Chocolate Cake;370
Colby-Jack Cheese;394
Mini-Wheats;353
Xylitol;240
Remoulade Sauce;635
Tomato Sauce;24
Cream of Chicken Soup;48
Goat Cheese Pizza;219
Bockwurst;301
Rambutan;82
Polenta;366
Kit Kat;521
Grape Seed Oil;884
Sweet Peas;48
Tarte Tatin;210
Hot Dog Buns;279
New York Strip Steak;199
Yoplait Strawberry;100
Glucose;286
Chicken with Rice Soup;24
Canned Crushed Pineapple;53
Hi-C;49
Tilsit;340
Pepper Cheese;100
Soft Cheese;268
Reuben Sandwich;208
Cold Pack Cheese;246
Gamay;78
Nori;35
Chicken Wing;266
Concord Grape;71
Fresh Mozzarella;280
Vanilla Yogurt;101
Smoked Turkey Breast;104
Orange Juice;46
Veal Roast Beef;175
Zinger;256
Chicken Gizzards;146
Beef Fillet;189
Milkfish;190
Skim Milk;35
Dove;213
Whole Grain Wheat;339
Danish Pastry;374
Buttermilk;62
Brazil Nuts;656
Sour Patch Kids;363
Frosted Flakes;367
Stevia;0
Chocolate Cream Pie;304
Gravy;53
Pinto Beans;347
Bud Select;28
Potato;77
Sparks;74
Grilled Cheese Sandwich;288
Hake;71
Rolling Rock Light;30
Chicory Roots;72
Dutch Loaf;268
Zander;84
Yoplait Mango;100
Collard Greens;32
Wild Honey;286
Lime;30
Heineken;35
Hot Dogs;278
All-blue Potatoes;61
Pear Nectar;60
Reindeer Meat;200
Cottage Pie;139
Canned Mango;65
Land Shark;42
Pizza Dough;228
Soy Milk;45
Rollmops;171
Eggplant;25
Ginger Ale;35
Chocolate Sprinkles;500
Manicotti;357
Bouillon;16
Oat Oil;884
Fairy Cakes;440
McDonald’s Double Cheeseburger;282
Peach Cobbler;65
Lemonade;50
Weet-Bix;353
Tomato Seed Oil;884
Sushi;150
Orange;47
Zinger Burger;256
Crunchy Nut;600
Mallard Meat;211
Cream Sauce;180
Tomato Puree;38
Ramen;447
Agave Syrup;310
Mike and Ike;360
Molasses;290
Pecorino;387
Shallots;72
Oatmeal;375
Blackcurrant Jam;250
Pineapple;50
Capers;23
Coors Light;29
Serrano Ham;300
Yellow Lentils;304
Dry Red Wine;85
Semolina Pudding;67
Veggie Burger;181
Scotch;222
Beef Liver;191
Pork Blade Steak;232
Maltodextrin;375
Cherry Pie;260
Whitefish;172
Quail;227
Shea Oil;884
Dr. Brown’s;53
Wheat Semolina;360
Quince;57
Rösti;138
Pheasant;239
White Zinfandel;88
Sour Cream Sauce;60
Spinach;23
Ayran;42
Protein Powder;411
Koelsch;43
Shock Top Raspberry Wheat;50
Chai Tea;0
Pide;268
Tang;381
Provolone;351
Frosted Mini-Wheats;353
Flank Steak;194
Star Fruit;31
Ice Cream Cake;200
Mango Lassi;66
Artichoke;47
Vanilla Ice Cream;201
Hot Pepper;318
Jaggery;383
Punch;62
Squid;92
Thai Curry Paste;155
Bologna;247
Hot Dog;269
Chicken Thighs;229
Creamy Chicken Noodle Soup;23
Buckler (N.A.);21
Spaetzle;368
Baked Beans;94
Grouper;118
Champagne;75
Cream Puff;334
Havarti;371
Kielbasa;309
Black Bread;250
Pig Fat;638
Diet Cherry Coke;1
Pumpkin Bread;298
Beef Tenderloin;218
Boiled Potatoes;87
Plum;46
Caramel squares;367
King Cake;377
Pomegranate;83
Agar-Agar;26
Milwaukee’s Best;36
Vermicelli;368
Canned Plums;58
Whole Grain Noodles;347
Glucose Syrup;387
Brown Sugar;395
Horseradish;48
Cookies;488
Hickory Ham;188
McDonald’s McDouble;252
Redfish;94
Hazelnut;628
Kahlua;180
Moose Meat;134
Olive Loaf;232
Bell Pepper;20
Buffalo Meat;131
Vegetable Beef Soup;31
Slurpee;4
Condensed Milk;321
Camembert;300
Cantaloupe;34
Pesto;458
Walnut Cream Cheese;342
Bechamel Sauce;225
Egg Yolk;322
Ginger Beer;42
Chili;282
BBQ Ribs;255
Clausthaler (N.A.);26
Tofu;76
Salt Pork;286
Sesame Ginger Dressing;464
Coco Pops;376
Cheese Tortellini;291
Milky Way;449
Absinthe;348
Spinach Tortellini;314
Parsley;36
Shortbread;502
Energy-Drink;87
Goulash;1009
Airheads;375
Chicken Pot Pie;223
Walnuts;654
Potato Wedges;123
Lychees;66
Turkey Legs;208
Multigrain Cheerios;380
Croissant;406
Labatt;43
After Eight;452
Bean Curd;76
Blackberry Juice;48
Extra-Firm Tofu;91
Turkey Stomach;148
Strawberry Rhubarb Pie;281
White Cheddar;403
Strawberry Sundae;158
Ravioli;77
Fuze Tea;25
Hanuta;541
Smelt;124
Ham Sandwich;241
Laffy Taffy;372
Muffin;296
Palm Oil;882
Corn Flour;361
Egg Noodles;384
Peanut Butter Toast Crunch;431
Red Wine Vinegar;19
Almond Roca;571
Shark;130
Tortilla Chips;499
Special K Red Berries;345
Dippin Dots;224
Spinach Pizza;234
Crawfish;82
Club Mate;30
Riesling;80
Ready Brek;359
Krave;372
Celebrations;490
Chicken Liver;167
Noni;53
Almond Milk;17
Peanut Oil;857
Italian Dressing;293
Textured Vegetable Protein;333
Bread Pudding;153
Turmeric;354
Vermouth;130
Beck’s;39
Salmon Cream Cheese;342
Flatbread;311
Dextrose;375
Minced Onion;40
Canned Raspberries;91
Cucumber Juice;10
Ben and Jerry’s;228
Sandwich;304
Almond Oil;882
Pale Ale;42
Pigeon;142
Napoli Pizza;202
Turkey Ham;126
Bass;45
Blueberry Yogurt;105
Strawberries;32
Merlot;83
Coors;42
Thyme;276
Frosties;367
Cheddar;403
Waffles;312
Unsalted Butter;717
Lowenbrau;45
Croquettes;127
Textured Soy Protein;571
Marrow Dumplings;424
Bun;316
Hamburger;254
Corn Flakes;357
Barbecue Sauce;150
Beef Ribs;196
Gumdrops;321
Burger King Whopper;231
Donut/Doughnut;421
Hickory Nuts;657
Strawberry Pie;230
Pretzel;338
Mullet;150
Cranberries;46
Okra;33
Cranberry Apple Juice;67
Bream;135
Flourless Chocolate Cake;509
Poutine;227
Tabasco;70
Pork;196
Liquorice;375
Luncheon Meat;117
Herring Oil;902
Poppy Seed;525
Pecan Pie;407
Olive Oil;884
Olive Spread;550
Herring;203
Tongue;284
Acerola;32
Pork Chop;123
Rye Bread;259
Plum Juice;71
Apple Crumble;156
Starfruit;31
Beef Neck;213
Sausage Pizza;246
Victoria Sponge Cake;257
Blueberry Cobbler;234
Curry;325
Powdered Sugar;389
Cottage Cheese;98
Anchovy;131
Carrot Soup;25
Mac and Cheese;370
Wheat Germ Oil;929
Almonds;575
Ice Tea;27
Funnel Cake;307
Pepper;27
Surge;48
McDonald’s Mighty Wings;308
Mettwurst;310
Galia Melon;23
Cauliflower;25
Jackfruit;95
Head Cheese;157
Kool-Aid;26
Calzone;231
Prosciutto;195
Real Butter;720
Port Wine;160
Peanut Butter Bars;379
Sundae;215
Crunchie McFlurry;174
Trout;190
Capricciosa Pizza;260
Sierra Nevada Strong;62
Ale;35
Fried Bean Curd;271
Organic Yogurt;75
Buffalo;131
Mulled Wine;196
Beef Thymus;319
Schwan’s;246
Chop Suey;172
Probiotic Yogurt;80
Ginger Tea;0
Walnut Oil;889
Pork Cutlets;131
Pear Juice;60
Pearl Barley;352
Apple Strudel;274
Bean Sprouts;30
Prawn Crackers;527
Whole Grain Spaghetti;351
Brie;334
Veal;282
M&M’s;479
Beer Bread;227
Jelly;278
Muesli;336
LifeSavers;500
Chasseur Sauce;45
Burger King Angry Whopper;255
Duck Egg;185
Pickerel;111
Pumpernickel;250
Tilt;64
Gourd;14
Ground Ginger;335
Pork Liver;165
Rolled Oats;384
Profiterole;334
Honeycomb;397
Donut;403
Russian Banana Potatoes;67
Calf Brain;136
Yogurt Dressing;45
Speculoos;469
Arby’s Reuben;208
Pork Tongue;271
Calamari;175
Cocoa Powder;228
Cranberry Juice;46
Ground Pork;263
Bamboo Shoots;27
Jelly Beans;354
Bock Beer;50
Yoplait Pina Colada;100
Cream Yogurt;124
Silken Tofu;55
Yuba;176
Gin;263
Ice Cream Sandwich;237
Roast Potatoes;149
Toblerone;525
Sloe Gin;332
Michelob Lager;44
Conchas/Mexican Sweet Bread;353
Oatmeal Cookies;450
Lactose-free Milk;52
Sweet Potato;92
Italian Sausage;149
Blackberries;43
Feta;264
Hot Chocolate;89
Creamed Spinach;74
Paczki;336
Coffee Ice Cream;236
Bean Burrito;200
Chicken;219
Garlic Salt;0
Pineapple Orange Juice;50
Sloppy Joe;71
Canned Oranges;62
Avocado;160
Mackerel;262
Meatloaf;89
Goose Fat;898
Blueberry Muffin;377
Chicken Fried Steak;151
Honey Ham;122
Peanut Butter;589
Yam;118
Calabrese Pizza;235
Custard Apple;101
Nutmeg;525
Grand Marnier;253
Banoffee Pie;395
Butter Chicken;140
Biryani;176
Michelob Ultra Amber;26
ACE Drink;44
Latkes;189
Animal Crackers;446
Beef Heart;165
Ice Cream Sundae;142
Michelob Amber Bock;47
Rye Bran;281
Black Sesame Seeds;573
Pig Ear;166
Cucumber;16
Esrom (Cheese);322
Carp;162
Grape Leaves;93
Caribou;159
Sweet Wines;83
Gruyere;413
Orange Soda;48
Tandoori Chicken;113
Black Rice;323
Parmesan;431
Tortilla Wrap;271
Bourbon;233
Arby’s Grand Turkey Club;210
Marron;210
Turkey Hill;271
Sherry;116
Turkey Breast;104
Durum Wheat Semolina;397
Miller Chill;31
Michelob Ultra Lime Cactus;27
Clementine;47
Barley;354
Chocolate Bar;533
Four Cheese Pizza;221
Stracciatella Yogurt;139
Lasagne;132
Mostaccioli;184
Fontina;389
Pork Cutlet;131
Apricot;48
Canned Cherries;54
Strong Beer;55
Buttermilk Pie;380
Blue Curacao;243
Wheaties;367
Bluefish;159
Multi-Grain Bread;265
Scampi;84
Lentil Soup;56
Gorgonzola;350
Meatball Soup;49
Chicken Heart;185
Green Lentil;257
Cookie Dough Ice Cream;200
Grilled Chicken Salad;88
White Grape Juice;75
Bernaise Sauce;414
Hazelnuts;628
Potato Waffles;167
Light Beer;29
Sunflower Butter;617
Fish Fingers;290
Rosemary;131
Meat Pie;242
Baby Back Ribs;259
Mustard Sauce;645
Beef;171
Taco;217
Millet;378
Mocca Yogurt;100
Red Wines;85
Tuna Salad;187
Marmite;225
Buttermilk Pancakes;238
Chicken Vegetable Soup;31
Greek Dressing;467
Pad Thai;150
Spirelli;367
Hawaiian Pizza;115
Apple Spritzer;24
French Cruller;412
Sicilian Pizza;241
Powdered Milk;496
Natural Ice;44
Chapati;240
Black Chickpeas;364
Guava;68
Squirrel Meat;173
Malbec Wine;82
Tomato Soup;30
Lemon Cake;352
Puffed Wheat;367
Lima Beans;71
Yoplait Boston Cream Pie;90
Trifle;180
Raisin Nut Bran;367
Stout Beer;51
Sheep Cheese;364
T-Bone-Steak;221
Samuel Adams;45
Yogurt;61
Evaporated Milk;135
Smoked Sausage;301
Canned Strawberries;92
Grilled Cheese;350
Rotini;353
Pork Meatloaf;243
Kombucha;13
Red Pepper;251
Lobster;89
Sponge Cake;289
Bergkäse;418
Dried Figs;249
Cress;32
Kashi;377
Cream of Potato Soup;30
Pumpkin Cheesecake;340
Tapenade;233
Prosecco;66
Puffed Rice;383
Argan Oil;896
Layer Cake;402
Pork Roll;302
Minute Maid;46
Southern Comfort;247
Scone;362
Watermelon;30
Grapefruit Juice;46
Shepherds Pie;70
Cream of Onion Soup;44
Babassu Oil;884
Egg Cream;94
Butter Cheese;388
Cherry Coke;44
Smores;500
Coconut Flakes;456
Chicken Fajita;147
Acai Juice;58
Chicken Noodle Soup;25
Sturgeon;135
Green Beans;31
Goat Cheese;364
Barq’s;46
Chicken Thigh;229
Sacher Torte;352
Beer;43
Hershey Kisses;471
Smoked Almonds;575
Bresaola;178
Bison Meat;171
Sea Bass;124
Veal Tongue;202
Muskmelon;34
Pepperoni;494
Chocolate Muffin;420
Shreddies;351
Corn Dog;250
Vegetable Juice;21
Tortilla Bread;265
Fusilli;352
Madeira Cake;394
Tagliatelle;370
Coconut Cake;356
Applejack;233
Beef Soup;33
Blueberries;57
Garlic Sausage;169
Onion Rings;411
Banana Bread;326
Bud Select 55;15
Chicken Meat;172
Bacon;407
Minneola;64
Granulated Sugar;387
Bison;171
Pumpkin;26
Linguine;357
Pumpkin Pie;243
Dominos Philly Cheese Steak Pizza;224
Malt Powder;361
McDonald’s Filet-o-Fish;275
Plum Wine;163
Venison Sirloin;158
Racoon;255
Monkfish;97
Chicken Parmesan;110
Buckwheat Groats;346
Wendy’s Jr. Cheeseburger;225
Anise Seed;337
Sugar;405
Lasagna;132
Blueberry Pie;232
Hog Maws;157
McDonald’s McMuffi Egg;225
Pizza Rolls;247
Mustard Oil;884
Alphabet Soup;25
Quail Breast;123
Liqueur;250
Oatmeal Raisin Cookies;435
Kix;367
Cherry Juice;45
Chester;387
Miller Genuine Draft;40
Dandelion;45
Acorn;387
Canned Mandarin Oranges;71
Flour;364
Beef Stew;95
Peach;39
Wheat Beer;45
Turkey Heart;174
Baking Powder;53
Ham and Cheese Sandwich;241
Egg White;13
French Fingerling Potatoes;82
French Onion Soup;23
Leerdammer;284
Peach Nectar;54
Pumpkin Soup;29
Toasties;361
Chuck Steak;137
Yoplait Strawberry Cheesecake;100
Chocolate Cake;389
Raisin Bread;274
Chicken Broth;16
Iodized Salt;0
Salted Butter;717
Pig Lung;99
Tuna Pizza;254
Cheese Pizza;267
Veal Breast;282
Red Wine;85
Flan;145
Whipped Cream;257
Kumquat;71
Fol Epi;388
Leek;61
Salami Pizza;255
Snickers Ice Cream;360
Haddock;90
Jelly Belly;354
McDonald’s Chicken Nuggets;297
Flat Iron Steak;137
Malt-O-Meal;51
Smoked Ham;107
Pepsi;44
Frangelico;238
Quaker Oatmeal Squares;400
Pastrami;133
Crepes;224
Green Onion;32
Apricot Kernel Oil;889
Chopped Ham;180
Margherita Pizza;275
Zucchini;17
Veggie Delight;138
Coors N.A.;18
Egg;97
Five Alive;35
Bacon and Eggs;252
Baguette;274
Mortadella;311
Dr. Pepper;27
Wendy’s Baconator;304
Obatzda;303
Spritz Cookies;500
Tequila;110
Snickers;484
Navy Bean;337
Lentils;353
Baked Potato;93
Baked Alaska;247
Coconut;354
Mallard Duck Meat;211
Busch;37
Pork Leg;201
Turkey Giblets;173
Courgette;17
Cap’n Crunch;404
Peanut Brittle;183
Starch;381
Chicory;72
Japanese Sweet Potatoes;87
Turkey Drumsticks;208
Hollandaise Sauce;535
Activia;74
Mussel;172
Cinnamon Toast Crunch;433
Chocolate Spread;541
Fruity Pebbles;400
Red Pepper Pizza;192
Lotus Seed;89
Stew Beef;191
Soya Cheese;235
Rice Pudding;118
Roll;316
Bundt Cake;370
Instant Ramen;436
Soy Yogurt;66
Strawberry Jam;250
Cubed Steak;199
Shortcrust Pastry;544
Quark;145
Wisconsin Cheese;389
Fresca;0
Maggi;104
Sweet Potato Pie;260
Poularde;200
Sweetener;360
1000 Island Dressing;370
Avocado Oil;857
Green Olives;115
Smoothie;37
Beef Minute Steak;133
Full Throttle;110
Gherkin;14
Salmon Oil;911
Mung Beans;12
Sausage;230
Pimento Loaf;265
Wasabi;109
Corn Oil;800
Chicory Greens;23
Anise;337
Pine Nuts;673
Burrito;163
Alligator;232
Mustard;60
Bud Ice;35
Poultry Seasoning;307
Spelt;338
Chess Pie;411
Grape Jelly;255
Honey Mustard Dressing;464
Semolina;340
Spelt Bran;177
Cod;105
Vinaigrette;120
Lindt Chocolate;548
Hamburger Sauce;383
Jolt Cola;44
Breadfruit;103
Cannelloni;146
Potato Fritter;185
Mushroom Pizza;212
Ciabatta;271
Paratha;325
Key Lime Pie;359
Balsamic Vinaigrette Dressing;290
Curd;98
Ostrich Meat;145
Midori;267
Shrimp Pizza;209
Kohlrabi;27
Chai;0
Lollipop;392
7up;44
Sole;86
Sugar Peas;42
Oven-Roasted Turkey Breast;104
Apple Juice;46
Apple Pie Filling;100
Fish Sandwich;273
Soda;53
Ham Sausage;164
Lettuce;15
Palm Kernel Oil;882
Canned Gooseberries;73
Treacle Tart;369
Jolly Ranchers;385
Potato Sticks;522
Cassava;160
Bailey’s Irish Cream;327
Carrot Ginger Soup;25
Dried Prunes;107
Blackberry Jam;250
Sunflower Seeds;584
Asparagus;20
Cointreau;320
Mustard Seed;508
Succotash;115
Edam Cheese;357
Safflower Seeds;517
Norland Red Potatoes;89
Peach Juice;54
Durian;147
Sandwich Bread;251
Chives;30
Strawberry Jelly;250
Cherimoya;75
Doughnut;403
Subway Club Sandwich;131
Cotton Seeds;506
Pili Nuts;719
Bison Sirloin;171
PayDay;462
Moose;134
Low-Fat Yogurt;63
Chicken Gumbo Soup;23
Black Pepper;251
Fried Rice;186
American Cheese;148
Moscato Wine;76
Soy Oil;882
Soft Tofu;61
Curry Sauce;26
Sweet White Wine;82
Red Beans;124
Sea Salt;0
Rhubarb;21
Tarragon;295
Enchiladas;168
Parsnip;75
Beef Patty;247
Cocoa Pebbles;367
Pork Shoulder Blade;232
Red Potatoes;89
Chocolate Cheerios;367
Malted Milk;405
Soft Serve;222
Twix;495
Wholegrain Oat;375
Chinese Cabbage;16
Mashed Potatoes;89
Winter Squash;34
Diet Sunkist;0
Honey Smacks;370
Chocolate Mousse Pie;260
Ciao Bella;109
Old Milwaukee N.A.;16
Brown Bread;246
Mug Root Beer;42
Shells;353
White American;148
Tres Leches Cake;246
Pork Baby Back Ribs;212
Blue Cheese;353
Redbridge (Gluten-free);45
Beef Suet;854
Rutabaga;38
Chili Sauce;112
Colby Cheese;394
Milk Duds;422
Canned Pineapple;60
Cabbage Soup;28
Aloe Vera Yogurt;85
Cherries;50
Michelob Light;32
Wild Duck;211
Rosemary Potatoes;93
Triple Sec;153
Diet Yogurt;54
Mangosteen;73
Honey;304
Halibut;111
Brawn;309
Cupcake;305
Soda Bread;290
Canned Mangosteen;73
Caesar Dressing;429
Broccoli;34
Lucky Charms;406
Wheat Germ;382
Life Cereal;375
Kipper;217
Big N’ Tasty;223
Cognac;235
Olives;115
Milwaukee’s Best Light;28
Burger King Double Whopper;239
Cheez-It’s;533
Mascarpone;450
Candy Corn;360
Souse;157
Canned Morello Cherries;81
Safflower Oil;857
Sweet and Sour Sauce;179
Pecans;691
Jif Peanut Butter;580
Friendly’s;212
Healthy Choice;125
Calf Melt;256
Greengage;41
Reeses Peanut Butter Cups;536
Sweet Rolls;333
Just Right;391
Chocolate Mousse Cake;260
Chicken Marsala;96
Baby Ruth;469
Russian Dressing;400
Tangerine Juice;43
Pork Shoulder;269
T-Bone Steak;202
Lemon;29
Licorice;375
Persimmon;127
Shock Top;47
Molson;42
Busch N.A.;17
Turkey;104
Pig Brain;138
Spice Cake;332
Fried Shrimp;277
Michelob Ultra;27
Candy canes;423
Strawberry Milkshake;113
Squash;45
Monkey Bread;290
Vodka;231
Special K Chocolatey Delight;388
Activia Strawberry;97
Hot Fudge Sundae;186
Peanut Butter Cookies;475