1000 Island Dressing;370
3 Musketeers;400
7up;44
Absinthe;348
Acai Juice;58
Acai;70
ACE Drink;44
Acerola;32
Acorn;387
Activia Lemon;100
Activia Strawberry;97
Activia;74
Advocaat;283
After Eight;452
Agar-Agar;26
Agave Syrup;310
Airheads;375
Ajvar;18
Ale;35
Alfalfa Sprouts;23
All Purpose Flour;364
All-blue Potatoes;61
Alligator Meat;232
Alligator;232
Almond Butter;614
Almond Extract;258
Almond Milk;17
Almond Oil;882
Almond Roca;571
Almonds;575
Aloe Vera Yogurt;85
Aloe Vera;44
Alphabet Soup;25
Altbier;43
Amaranth;371
Amaretto;310
American Cheese;148
Anchovy;131
Andouille;232
Angel Delight;451
Angel Food Cake;258
Animal Crackers;446
Anise Seed;337
Anise;337
Antelope Meat;150
Apple Butter;173
Apple Cake;252
Apple Cobbler;198
Apple Crisp;156
Apple Crumble;156
Apple Juice;46
Apple Pie Filling;100
Apple Pie;237
Apple Spritzer;24
Apple Strudel;274
Apple Turnover;348
Apple;52
Applejack;233
Applesauce Cake;358
Applesauce;62
Applewood;410
Apricot Jam;250
Apricot Kernel Oil;889
Apricot Nectar;56
Apricot;48
Arby’s Grand Turkey Club;210
Arby’s Reuben;208
Arby’s Roast Beef Classic;234
Arby’s Roast Beef Max;234
Argan Oil;896
Arrabiata Sauce;36
Arrowroot;65
Artichoke;47
Arugula;25
Asiago Cheese;392
Asian Pear;42
Asparagus;20
Asti;138
Aubergine;25
Avocado Oil;857
Avocado;160
Ayran;42
Azuki Bean;124
Babassu Oil;884
Baby Back Ribs;259
Baby Ruth;469
Babybel;333
Bacon and Eggs;252
Bacon;407
Bagel;257
Baguette;274
Baileys;327
Bailey’s Irish Cream;327
Baked Alaska;247
Baked Beans;94
Baked Chicken;164
Baked Ham;343
Baked Potato;93
Bakewell Tart;430
Baking Powder;53
Baking Soda;0
Balsamic Vinaigrette Dressing;290
Balsamic Vinegar;88
Bamboo Shoots;27
Banana Bread;326
Banana Juice;50
Banana Nut Bread;326
Banana;89
Banoffee Pie;395
Barbecue Sauce;150
Barley Groats;100
Barley;354
Barq’s;46
Basil;233
Baskin-Robbins;239
Bass;45
BBQ Chicken Pizza;234
BBQ Pizza;224
BBQ Rib;212
BBQ Ribs;255
Bean Burrito;200
Bean Curd;76
Bean Sprouts;30
Bean Stew;133
Bear Meat;259
Beaver Meat;212
Bechamel Sauce;225
Beck’s;39
Beechnut;576
Beef Bouillon;3
Beef Brain;196
Beef Brisket;137
Beef Fillet;189
Beef Goulash;123
Beef Heart;165
Beef Jerky;410
Beef Kidney;158
Beef Liver;191
Beef Lung;120
Beef Melt;271
Beef Minute Steak;133
Beef Neck;213
Beef Noodle Soup;34
Beef Pancreas;271
Beef Patty;247
Beef Pizza;304
Beef Prime Rib;404
Beef Ribs;196
Beef Salami;375
Beef Sirloin;182
Beef Soup;33
Beef Stew;95
Beef Suet;854
Beef Tallow;902
Beef Tenderloin;218
Beef Thymus;319
Beef Tongue;284
Beef Tripe;94
Beef;171
Beer Bread;227
Beer;43
Beetroot;43
Bell Pepper;20
Ben and Jerry’s;228
Bengal Gram;364
Bergkäse;418
Bernaise Sauce;414
Bianca Pizza;246
Big N’ Tasty;223
Bircher Muesli Yogurt;109
Birthday Cake;465
Biryani;176
Biscuit;269
Bison Meat;171
Bison Sirloin;171
Bison;171
Bitter Lemon;34
Black and White Cookie;381
Black Beans;341
Black Bread;250
Black Chickpeas;364
Black Forest Cake;264
Black Gram;341
Black Olives;115
Black Pepper;251
Black Pudding;379
Black Rice;323
Black Sesame Seeds;573
Blackberries;43
Blackberry Jam;250
Blackberry Juice;48
Blackcurrant Jam;250
Blood Oranges;50
Blood Sausage;379
BLT;247
Blue Cheese Dressing;533
Blue Cheese;353
Blue Curacao;243
Blue Moon;48
Blueberries;57
Blueberry Cobbler;234
Blueberry Jam;250
Blueberry Muffin;377
Blueberry Pie;232
Blueberry Yogurt;105
Bluefish;159
Bock Beer;50
Bockwurst;301
Boiled Ham;126
Boiled Potatoes;87
Bologna;247
Bolognese;106
Boudin;194
Bouillon;16
Bourbon;233
Boysenberry Juice;54
Bran Flakes;356
Bran Muffins;270
Brandy;213
Bratwurst;333
Brawn;309
Brazil Nuts;656
Bread Flour;361
Bread Pudding;153
Breadfruit;103
Breadsticks;400
Breakfast Sausage Links;339
Bream;135
Bresaola;178
Brie;334
Brioche;346
Brittle;592
Broccoli Cheese Soup;87
Broccoli Soup;87
Broccoli;34
Broth;100
Brown Bread;246
Brown Lentil;353
Brown Rice;388
Brown Sugar;395
Brownies;405
Brussels Sprouts;43
Buckler (N.A.);21
Buckwheat Groats;346
Buckwheat;343
Bud Ice;35
Bud Light Chelada;43
Bud Light Lime;34
Bud Light;29
Bud Select 55;15
Bud Select;28
Budweiser Chelada;52
Budweiser;41
Buffalo Chicken Pizza;252
Buffalo Meat;131
Buffalo;131
Bun;316
Bundt Cake;370
Burger King Angry Whopper;255
Burger King Double Whopper with Cheese;249
Burger King Double Whopper;239
Burger King Original Chicken Sandwich;301
Burger King Premium Alaskan Fish Sandwich;259
Burger King Triple Whopper;269
Burger King Whopper Jr.;234
Burger King Whopper with Cheese;241
Burger King Whopper;231
Burrito;163
Busch Light;27
Busch N.A.;17
Busch;37
Butter Cheese;388
Butter Chicken;140
Butter Pecan Ice Cream;248
Butter;720
Butterfinger;450
Butterfish;187
Buttermilk Pancakes;238
Buttermilk Pie;380
Buttermilk Ranch Dressing;533
Buttermilk;62
Butternut;612
Butterscotch Chips;539
Cabbage Soup;28
Cabbage;25
Cabernet Sauvignon;77
Caesar Dressing;429
Cake Flour;362
Calabrese Pizza;235
Calamari;175
Calf Brain;136
Calf Liver;192
Calf Lung;104
Calf Melt;256
California Roll;93
Calzone;231
Camembert;300
Canada Dry Ginger Ale;41
Canadian Whiskey;216
Canadian-Style Bacon;107
Candied Orange Peel;97
Candy Apple;152
Candy Cane;423
Candy canes;423
Candy Corn;360
Candy Floss;400
Cane Sugar;387
Canned Apricots;48
Canned Blackberries;92
Canned Blueberries;88
Canned Cherries;54
Canned Cranberries;178
Canned Crushed Pineapple;53
Canned Figs;107
Canned Fruit Cocktail;81
Canned Fruit Salad;50
Canned Gooseberries;73
Canned Grapefruit;37
Canned Grapes;76
Canned Mandarin Oranges;71
Canned Mango;65
Canned Mangosteen;73
Canned Mixed Fruit;71
Canned Morello Cherries;81
Canned Oranges;62
Canned Peaches;54
Canned Pears;35
Canned Pineapple;60
Canned Plums;58
Canned Raspberries;91
Canned Sliced Pineapple;53
Canned Sour Cherries;114
Canned Strawberries;92
Canned Tangerines;61
Cannelloni;146
Cannoli;254
Canola Oil;884
Cantaloupe Melon;34
Cantaloupe;34
Capellini;353
Capers;23
Capicola;110
Capon;229
Cappelletti;164
Capri-Sun;41
Capricciosa Pizza;260
Capsicum;27
Cap’n Crunch;404
Caramel Cake;475
Caramel Popcorn;376
Caramel squares;367
Caraway Seeds;333
Cardamom;311
Caribou;159
Carlsberg;32
Carp;162
Carrot Cake;408
Carrot Ginger Soup;25
Carrot Juice;40
Carrot Soup;25
Carrot;41
Carvel;212
Casaba Melon;28
Cashew;553
Cassava;160
Catalina Dressing;282
Cauliflower;25
Cava;76
Caviar;264
Cayenne Pepper;318
Celebrations;490
Celery;16
Cellophane Noodles;351
Chai Tea;0
Chai;0
Challah;283
Chambord;348
Chamomile Tea;0
Champagne;75
Chapati;240
Chard;19
Chardonnay;85
Chasseur Sauce;45
Cheddar;403
Cheerios;347
Cheese Fondue;228
Cheese Pastry;374
Cheese Pizza;267
Cheese Platter;357
Cheese Slices;356
Cheese Spread;290
Cheese Tortellini;291
Cheese Whiz;276
Cheeseburger;263
Cheesecake;321
Cheez-It’s;533
Chenin Blanc;80
Cherimoya;75
Cherries;50
Cherry Coke;44
Cherry Jam;250
Cherry Juice;45
Cherry Pie;260
Cherry Tomato;100
Cherry Yogurt;97
Chess Pie;411
Chester;387
Chestnut;213
Chex;387
Chia Seeds;486
Chicken Bouillon;4
Chicken Breast Fillet;79
Chicken Breast;163
Chicken Broth;16
Chicken Caesar Salad;127
Chicken Drumstick;185
Chicken Drumsticks;185
Chicken Fajita;147
Chicken Fat;898
Chicken Fried Steak;151
Chicken Giblets;158
Chicken Gizzards;146
Chicken Gumbo Soup;23
Chicken Heart;185
Chicken Leg;174
Chicken Legs;174
Chicken Liver;167
Chicken Marsala;96
Chicken McNuggets;302
Chicken Meat;172
Chicken Noodle Soup;25
Chicken Nuggets;296
Chicken Parmesan;110
Chicken Pizza;234
Chicken Pizziola;141
Chicken Pot Pie;223
Chicken Salad;81
Chicken Sandwich;241
Chicken Stock;16
Chicken Stomach;148
Chicken Teriyaki Sandwich;138
Chicken Thigh;229
Chicken Thighs;229
Chicken Tikka Masala;81
Chicken Vegetable Soup;31
Chicken Wing;266
Chicken Wings;324
Chicken with Rice Soup;24
Chicken;219
Chickpeas;364
Chicory Greens;23
Chicory Roots;72
Chicory;72
Chili Bean;97
Chili con Carne;105
Chili Powder;282
Chili Sauce;112
Chili;282
Chimichanga;232
Chinese Cabbage;16
Chitterlings;233
Chive Cream Cheese;342
Chives;30
Chocolate Bar;533
Chocolate Cake;389
Chocolate Cheerios;367
Chocolate Chip Ice Cream;215
Chocolate Chips;493
Chocolate Cream Pie;304
Chocolate Ice Cream;216
Chocolate Milk;89
Chocolate Milkshake;125
Chocolate Mousse Cake;260
Chocolate Mousse Pie;260
Chocolate Mousse;225
Chocolate Muffin;420
Chocolate Philadelphia;287
Chocolate Spread;541
Chocolate Sprinkles;500
Chocolate Wine;256
Chocolate Yogurt;128
Chocolate;529
Chocos;380
Chop Suey;172
Chopped Ham;180
Chorizo;455
Chuck Roast;141
Chuck Steak;137
Ciabatta;271
Ciao Bella;109
Cider Vinegar;21
Cider;49
Cilantro;23
Cinnamon Bun;436
Cinnamon Toast Crunch;433
Cinnamon;247
Clam;148
Clamato;60
Clausthaler (N.A.);26
Clementine;47
Cloves;274
Club Mate;30
Cobb Salad;118
Coca Cola;42
Coco Pops;376
Cocoa Krispies;386
Cocoa Pebbles;367
Cocoa Powder;228
Cocoa Puffs;400
Coconut Cake;356
Coconut Flakes;456
Coconut Milk;230
Coconut Oil;857
Coconut Water;19
Coconut;354
Cod Liver Oil;1000
Cod;105
Coffee Cake;331
Coffee Creamer;195
Coffee Ice Cream;236
Coffee;1
Cognac;235
Cointreau;320
Coke Zero;1
Coke;42
Cola;42
Colby Cheese;394
Colby-Jack Cheese;394
Cold Pack Cheese;246
Cold Stone Creamery;232
Collard Greens;32
Colt 45;44
Conchas/Mexican Sweet Bread;353
Concord Grape;71
Condensed Milk;321
Cooked Ham;133
Cookie Crisp;400
Cookie Dough Ice Cream;200
Cookies;488
Coors Light;29
Coors N.A.;18
Coors;42
Coriander;23
Corn Dog;250
Corn Flakes;357
Corn Flour;361
Corn Oil;800
Corn Pops;377
Corn Syrup;281
Corn Waffles;274
Corn;365
Cornbread;179
Corned Beef Hash;164
Corned Beef;251
Cornish Hens;259
Cornmeal;362
Cornstarch;381
Corona;42
Cottage Cheese;98
Cottage Pie;139
Cotton Candy;643
Cotton Seeds;506
Cottonseed Oil;882
Count Chocula;407
Courgette;17
Couscous;376
Couverture;600
Cracker;502
Cracklin Oat Bran;402
Cranberries;46
Cranberry Apple Juice;67
Cranberry Grape Juice;71
Cranberry Juice;46
Crawfish;82
Crayfish;87
Cream Cheese with Herbs;342
Cream Cheese;342
Cream of Asparagus Soup;35
Cream of Broccoli Soup;45
Cream of Celery Soup;37
Cream of Chicken Soup;48
Cream of Mushroom Soup;39
Cream of Onion Soup;44
Cream of Potato Soup;30
Cream of Tartar;258
Cream of Wheat;364
Cream Puff;334
Cream Sauce;180
Cream Yogurt;124
Cream;242
Creamed Spinach;74
Creamy Chicken Noodle Soup;23
Creamy Yogurt;90
Creme Fraiche;393
Crepes;224
Cress;32
Croissant;406
Croquettes;127
Crumb Cake;441
Crumpet;178
Crunchie McFlurry;174
Crunchy Nut Cornflakes;600
Crunchy Nut;600
Crystal Light;263
Crystallized Ginger;335
Cubed Steak;199
Cucumber Juice;10
Cucumber;16
Cumberland Sausage;250
Cumin Seed;375
Cumin;375
Cupcake;305
Cupcakes;305
Curd;98
Curly Fries;311
Currant Juice;48
Currants;56
Curry Ketchup;124
Curry Sauce;26
Curry;325
Custard Apple;101
Custard Powder;337
Custard;122
Dairy Milk McFlurry;186
Dal;330
Dampfnudel;274
Dandelion;45
Danish Pastry;374
Dark Beer;46
Dark Rum;216
Dates;282
Deep Dish Pizza;265
Deep-Fried Tofu;271
Deviled Eggs;201
Dextrose;375
Diet Cherry Coke;1
Diet Coke;1
Diet Dr. Pepper;0
Diet Pepsi;0
Diet Sunkist;0
Diet Yogurt;54
Dill Weed;43
Dill;43
Dim Sum;193
Dippin Dots;224
Dominos Philly Cheese Steak Pizza;224
Donut/Doughnut;421
Donut;403
Dosa;66
Double Cheeseburger;267
Double Rainbow;257
Doughnut;403
Dove;213
Dr. Brown’s;53
Dr. Pepper;27
Dragon Fruit;60
Drambuie;358
Dried Apricots;241
Dried Cranberries;308
Dried Figs;249
Dried Fruit;243
Dried Prunes;107
Drumsticks;255
Dry Red Wine;85
Duck Breast;201
Duck Egg;185
Duck Liver;136
Duck;337
Dumpling Dough;124
Dumplings;124
Durian;147
Durum Wheat Semolina;397
Dutch Cheese;393
Dutch Loaf;268
Edam Cheese;357
Edam;357
Eel;236
Egg Cream;94
Egg Nog;88
Egg Noodles;384
Egg Roll;250
Egg White;13
Egg Yolk;322
Egg;97
Eggplant;25
Eggy Bread;196
Elderflower Cordial;29
Emmental;357
Emmentaler;357
Empanada;335
Emu;152
Enchiladas;168
Endive;17
Energy-Drink;87
English Muffin;227
Esrom (Cheese);322
Evaporated Milk;135
Evian;0
Extra-Firm Tofu;91
Fairy Cakes;440
Fajita;117
Falafel;335
Fanta Zero;0
Fanta;39
Farfalle;358
Feijoa;55
Fennel Seed;345
Fennel;31
Fenugreek;323
Ferrero Rocher;576
Feta Cream Cheese;342
Feta;264
Fettuccine;353
Fiber One;267
Figs;74
Filet Mignon;207
Filet-o-Fish;282
Firm Tofu;70
Fish and Chips;195
Fish Fingers;290
Fish Sandwich;273
Fish Sticks;290
Five Alive;35
Flageolet;85
Flan;145
Flank Steak;194
Flapjack;486
Flat Iron Steak;137
Flatbread;311
Flaxseed Oil;884
Flaxseed;534
Flounder;86
Flour;364
Flourless Chocolate Cake;509
Focaccia;249
Fol Epi;388
Fontina;389
Fortune Cookies;214
Four Cheese Pizza;221
Frangelico;238
Frankfurters;305
Freekeh;520
French Cruller;412
French Dressing;60
French Fingerling Potatoes;82
French Fries;312
French Onion Soup;23
French Vanilla Ice Cream;201
Fresca;0
Fresh Mozzarella;280
Fried Bean Curd;271
Fried Potatoes;312
Fried Rice;186
Fried Shrimp;277
Friendly’s;212
Froot Loops;379
Frosted Cheerios;393
Frosted Flakes;367
Frosted Mini-Wheats;353
Frosties;367
Fructose;368
Fruit Cake;324
Fruit salad;50
Fruit Yogurt;97
Fruitopia;110
Fruity Pebbles;400
Full Throttle;110
Funnel Cake;307
Fusilli;352
Fuze Tea;25
Fuze;20
Galia Melon;23
Gamay;78
Garlic Bread;350
Garlic Cream Cheese;342
Garlic Powder;331
Garlic Salt;0
Garlic Sausage;169
Garlic;149
Gatorade;23
Gelatin;335
Genesee Cream Ale;46
German Chocolate Cake;370
Ghee;120
Gherkin;14
Gin;263
Ginger Ale;35
Ginger Beer;42
Ginger Tea;0
Ginger;80
Gingerbread;356
Ginkgo Nuts;182
Gjetost;466
Glass Noodles;192
Glenfiddich;230
Glucose Syrup;387
Glucose;286
Gluten;370
Gnocchi;133
Goa Bean;409
Goat Cheese Pizza;219
Goat Cheese;364
Goat Milk;69
Golden Grahams;400
Golden Mushroom Soup;65
Goose Fat;898
Goose Liver;133
Goose Meat;238
Goose;305
Gorgonzola;350
Gouda Cheese;356
Gouda;356
Goulash;1009
Gourd;14
Grand Marnier;253
Granola Bars;452
Granulated Sugar;387
Grape Jelly;255
Grape Juice;60
Grape Leaves;93
Grape Seed Oil;884
Grape-Nuts;362
Grapefruit Juice;46
Grapefruit;42
Grapes;69
Grated Parmesan;431
Gravy;53
Greek Dressing;467
Greek Yogurt;53
Green Beans;31
Green Gram;347
Green Lentil;257
Green Olives;115
Green Onion;32
Greengage;41
Grilled Cheese Sandwich;288
Grilled Cheese;350
Grilled Chicken Salad;88
Grilled Pizza;226
Grissini;408
Ground Beef;241
Ground Chuck;250
Ground Cinnamon;247
Ground Ginger;335
Ground Pork;263
Ground Round;212
Grouper;118
Gruyere;413
Guava;68
Guinea-Fowl;158
Guinness;35
Gumdrops;321
Gummi Bears;316
Haddock;90
Hake;71
Halibut;111
Halloumi;321
Ham and Cheese Sandwich;241
Ham Sandwich;241
Ham Sausage;164
Ham;145
Hamburger Sauce;383
Hamburger;254
Hanuta;541
Harissa;52
Havarti;371
Hawaiian Pizza;115
Hawaiian Punch;31
Hazelnut Oil;889
Hazelnut;628
Hazelnuts;628
Head Cheese;157
Healthy Choice;125
Heavy Cream;345
Heineken;35
Hemp Oil;807
Herring Oil;902
Herring;203
Hershey Kisses;471
Hi-C;49
Hickory Ham;188
Hickory Nuts;657
Hog Maws;157
Hoki;121
Hollandaise Sauce;535
Honey Brown;42
Honey Ham;122
Honey Mustard Dressing;464
Honey Nut Cheerios;393
Honey Smacks;370
Honey;304
Honeycomb;397
Honeydew;36
Horchata;54
Horseradish;48
Hot Chocolate;89
Hot Dog Buns;279
Hot Dog;269
Hot Dogs;278
Hot Fudge Sundae;186
Hot Pepper;318
Hot Sausage;259
Hummus;177
Hurricane High Gravity;39
I can\’t believe it\’s not Butter;357
Ice Cream Cake;200
Ice Cream Sandwich;237
Ice Cream Sundae;142
Ice Milk;159
Ice Tea;27
Iced Tea;27
Instant Ramen;436
Iodized Salt;0
IPA;51
Irish Whiskey;233
Italian BMT;183
Italian Bread;271
Italian Cheese;397
Italian Dressing;293
Italian Sausage;149
Jack Daniel’s;146
Jackfruit;95
Jagermeister;250
Jaggery;383
Jalapeno;13
Jambalaya;100
Japanese Sweet Potatoes;87
Jarlsberg;352
Jelly Beans;354
Jelly Belly;354
Jelly;278
Jerky;410
Jif Peanut Butter;580
Jim Beam;222
Jolly Ranchers;385
Jolt Cola;44
Jordan Almonds;429
Jujube;79
Juniper;45
Just Right;391
Kahlua;180
Kale;49
Kamut;337
Karamalz;37
Kashi;377
Kebab;215
Kefir;55
Kelloggs Corn Flakes;357
Ketchup;100
Key Lime Pie;359
Keystone Ice;40
Keystone Light;29
Kidney Beans;337
Kielbasa;309
King Cake;377
Kipper;217
Kit Kat;521
Kiwi;61
Kix;367
Knackwurst;307
Koelsch;43
Kohlrabi;27
Kombucha;13
Kool-Aid;26
Krave;372
Kumara;86
Kumquat;71
Labatt;43
Lactose-free Milk;52
Lacy Swiss Cheese;321
Laffy Taffy;372
Lager Beer;43
Lamb Meat;202
Lamb;202
Land Shark;42
Landjaeger;352
Lard;898
Lasagna;132
Lasagne Sheets;271
Lasagne;132
Lassi;75
Latkes;189
Latte Macchiato;57
Layer Cake;402
Leek;61
Leerdammer Cheese;284
Leerdammer;284
Lemon Cake;352
Lemon Grass;99
Lemon Juice;21
Lemon Meringue Pie;268
Lemon Pie Filling;143
Lemon;29
Lemonade;50
Lentil Soup;56
Lentils;353
Lettuce;15
Licorice;375
Life Cereal;375
LifeSavers;500
Light Beer;29
Lima Beans;71
Lime Juice;21
Lime;30
Limeade;128
Lindt Chocolate;548
Ling;109
Linguica;282
Linguine;357
Linseed Oil;837
Liqueur;250
Liquor;250
Liquorice;375
Liver Pate;319
Liverwurst;326
Lobster Bisque Soup;100
Lobster;89
Lollipop;392
Lotus Seed;89
Low Carb Pasta;282
Low-Fat Yogurt;63
Lowenbrau;45
Lucky Charms;406
Luncheon Meat;117
Lychee;66
Lychees;66
M&M’s;479
Maasdam Cheese;344
Mac and Cheese;370
Macadamia Nuts;718
Macadamia Oil;819
Macaroni and Cheese;370
Macaroni;370
Mackerel;262
Madeira Cake;394
Maggi;104
Magnolia;230
Magnum Almond;315
Magnum Double Caramel;355
Magnum Double Chocolate;380
Magnum Gold;341
Magnum White;297
Magnum;300
Malbec Wine;82
Malbec;82
Mallard Duck Meat;211
Mallard Meat;211
Malt Beer;37
Malt Powder;361
Malt-O-Meal;51
Malted Milk;405
Maltesers;498
Maltitol;210
Maltodextrin;375
Maltose;344
Manchego Cheese;320
Mandarin Oranges;53
Mango Lassi;66
Mango;60
Mangosteen;73
Manicotti;357
Maple Syrup;270
Maracuya;97
Maraschino Cherries;165
Marble Cake;339
Margarine;717
Margherita Pizza;275
Marjoram;271
Marmite;225
Marron;210
Marrow Dumplings;424
Mars Bar;448
Marsala Wine;100
Marshmallow Fluff;666
Marshmallows;318
Marzipan;411
Mascarpone;450
Mashed Potatoes;89
Matzo Bread;351
Mayonnaise;692
McDonald’s Big Mac;256
McDonald’s Cheeseburger;263
McDonald’s Chicken Nuggets;297
McDonald’s Double Cheeseburger;282
McDonald’s Filet-o-Fish;275
McDonald’s McChicken;251
McDonald’s McDouble;252
McDonald’s McMuffi Egg;225
McDonald’s McRib;265
McDonald’s Mighty Wings;308
McFlurry Oreo;186
McFlurry;153
McRib;265
Meat Pie;242
Meatball Sandwich;161
Meatball Soup;49
Meatloaf;89
Mello Yello;49
Menhaden Oil;911
Meringue;285
Merlot Wine;83
Merlot;83
Mettwurst;310
Michelob Amber Bock;47
Michelob Lager;44
Michelob Light;32
Michelob Ultra Amber;26
Michelob Ultra Lime Cactus;27
Michelob Ultra;27
Midori;267
Mike and Ike;360
Milk Duds;422
Milk;61
Milkfish;190
Milkshake (dry);329
Milky Way;449
Miller Chill;31
Miller Genuine Draft;40
Miller High Life Light;31
Miller High Life;40
Miller Lite;27
Millet Flour;372
Millet Gruel;46
Millet;378
Milo;409
Milwaukee’s Best Light;28
Milwaukee’s Best;36
Minced Onion;40
Minced Veal;143
Minestrone;34
Mini Milk;120
Mini-Wheats;353
Minneola;64
Mint Chocolate Chip Ice Cream;239
Mint;70
Minute Maid Light;2
Minute Maid;46
Miso;199
Mocca Yogurt;100
Molasses;290
Molson;42
Monkey Bread;290
Monkfish;97
Monterey Jack Cheese;373
Monterey;373
Moose Meat;134
Moose;134
Mortadella;311
Moscato Wine;76
Mostaccioli;184
Mozzarella Pizza;249
Mozzarella;280
Muenster Cheese;368
Muesli;336
Muffin;296
Mug Root Beer;42
Mulberries;43
Mulled Wine;196
Mullet;150
Multi-Grain Bread;265
Multigrain Cheerios;380
Mung Beans;12
Mushroom Pizza;212
Mushroom Soup;35
Mushrooms;22
Muskmelon;34
Mussel;172
Mustard Greens;27
Mustard Oil;884
Mustard Sauce;645
Mustard Seed;508
Mustard;60
Mutton Meat;234
Mutton;234
Naan;310
Nachos with Cheese;306
Napoli Pizza;202
Natto;212
Natural Ice;44
Natural Light;27
Navy Bean;337
Nectar;53
Nectarine;44
Nestea;21
Neufchatel;253
New York Strip Steak;199
New York Style Pizza;169
Newcastle;39
Non-alcoholic Beer;37
Noni;53
Nonpareils;475
Noodle Soup;34
Nori;35
Norland Red Potatoes;89
Nutella;544
Nutmeg;525
Nutri-Grain;351
Oat Bran;246
Oat Oil;884
Oatibix;421
Oatmeal Cookies;450
Oatmeal Raisin Cookies;435
Oatmeal;375
Obatzda;303
Octopus;164
Okara;77
Okra;33
Old Milwaukee N.A.;16
Old Milwaukee;41
Olde English;45
Olive Cream Cheese;342
Olive Loaf;232
Olive Oil;884
Olive Spread;550
Olives;115
Omelette;154
Onion Powder;341
Onion Rings;411
Onion Soup;23
Onion;40
Opera Cake;320
Orange Chicken;259
Orange Juice;46
Orange Peel;97
Orange Sauce;179
Orange Soda;48
Orange;47
Orecchiette;370
Oregano;265
Organic Yogurt;75
Orzo;357
Ostrich Meat;145
Ostrich;145
Oven-Roasted Turkey Breast;104
Oxtail Soup;28
O’Doul’s (N.A.);19
Pabst Blue Ribbon;41
Paczki;336
Pad Thai;150
Paella;156
Pale Ale;42
Palm Kernel Oil;882
Palm Oil;882
Pan de Sal;293
Pancake;227
Pandesal;293
Panettone;360
Papaya Juice;58
Papaya;43
Paprika;282
Paratha;325
Parma Ham;345
Parmesan;431
Parsley;36
Parsnip;75
Parsnips;75
Passion Fruit Juice;48
Passion Fruit;97
Pastrami;133
Pavlova;294
PayDay;462
Pea Soup;75
Peach Cobbler;65
Peach Juice;54
Peach Nectar;54
Peach Pie;223
Peach Yogurt;97
Peach;39
Peanut Bar;533
Peanut Brittle;183
Peanut Butter Bars;379
Peanut Butter Cookies;475
Peanut Butter Sandwich;408
Peanut Butter Toast Crunch;431
Peanut Butter;589
Peanut Oil;857
Peanuts;567
Pear Juice;60
Pear Nectar;60
Pear;57
Pearl Barley;352
Peas;81
Pecan Nuts;691
Pecan Pie;407
Pecan;691
Pecans;691
Pecorino;387
Peking Duck;225
Penne Rigate;370
Penne;351
Pepper Cheese;100
Pepper;27
Peppermint bark;500
Peppermint Extract;0
Pepperoni Pizza;255
Pepperoni;494
Pepsi;44
Persimmon;127
Pesto Cream Cheese;342
Pesto;458
Peter Pan Peanut Butter;609
Pez;427
Pheasant Breast;133
Pheasant Leg;239
Pheasant Meat;239
Pheasant;239
Philadelphia Cream Cheese;342
Philly Cheese Steak;250
Physalis;49
Pibb Xtra;40
Pickerel;111
Pickled Herring;262
Pide;268
Pie;237
Pierogi;200
Pig Brain;138
Pig Ear;166
Pig Fat;638
Pig Heart;148
Pig Kidney;151
Pig Lung;99
Pigeon;142
Pig’s Tail;396
Pig’s Trotter;243
Pike;113
Pili Nuts;719
Pilsner;43
Pimento Loaf;265
Pine Nuts;673
Pineapple Cream Cheese;342
Pineapple Juice;53
Pineapple Orange Juice;50
Pineapple Upside-Down Cake;319
Pineapple;50
Pink Grapefruit;42
Pinot Gris;83
Pinot Noir;75
Pinto Beans;347
Pistachios;562
Pita Bread;275
Pizza Dough;228
Pizza Hut Stuffed Crust Pizza;255
Pizza Hut Supreme Pizza;248
Pizza Rolls;247
Pizza;267
Plaice;91
Plain Yogurt;61
Plantain;122
Plantains;122
Plum Cake;109
Plum Jam;250
Plum Juice;71
Plum Wine;163
Plum;46
Polenta;366
Polish Sausage;301
Pollack;111
Pomegranate Juice;66
Pomegranate;83
Pomelo;38
Pop Rocks;358
Popcorn;582
Poppy Seed Oil;884
Poppy Seed;525
Poppy Seeds;525
Poppy-Seed Cake;394
Pork Baby Back Ribs;212
Pork Bacon;407
Pork Belly;518
Pork Blade Steak;232
Pork Chop;123
Pork Chops;196
Pork Country-Style Ribs;247
Pork Crown Roast;212
Pork Cutlet;131
Pork Cutlets;131
Pork Leg;201
Pork Liver;165
Pork Loin;204
Pork Meatloaf;243
Pork Melt;219
Pork Ragout;73
Pork Rib Roast;159
Pork Ribs;292
Pork Roast;247
Pork Roll;302
Pork Sausage;339
Pork Shank;172
Pork Shoulder Blade;232
Pork Shoulder;269
Pork Steaks;196
Pork Stomach;250
Pork Tongue;271
Pork;196
Port Wine;160
Porter;54
Porterhouse Steak;247
Post Raisin Bran;322
Post Shredded Wheat;347
Potato Bread;266
Potato Dumpling;124
Potato Fritter;185
Potato Gratin;132
Potato Pancakes;268
Potato Salad;143
Potato Soup;80
Potato Starch;331
Potato Sticks;522
Potato Waffles;167
Potato Wedges;123
Potato;77
Potatoes au Gratin;132
Poularde;200
Poultry Seasoning;307
Pound Cake;390
Poutine;227
Powdered Milk;496
Powdered Sugar;389
Powerade;16
Prawn Crackers;527
Pretzel Roll;338
Pretzel Sticks;380
Pretzel;338
Prickly Pear;41
Probiotic Yogurt;80
Profiterole;334
Prosciutto;195
Prosecco;66
Protein Powder;411
Provolone;351
Puff Pastry;558
Puff;367
Puffed Rice;383
Puffed Wheat;367
Pulled Pork Sandwich;211
Pumpernickel;250
Pumpkin Bread;298
Pumpkin Cheesecake;340
Pumpkin Pie Spice;342
Pumpkin Pie;243
Pumpkin Seed Oil;880
Pumpkin Seeds;560
Pumpkin Soup;29
Pumpkin;26
Punch;62
Purple Majesty Potatoes;72
Puy Lentils;345
Pâté (720), Pate;319
Quail Breast;123
Quail;227
Quaker Grits;344
Quaker Oatmeal Squares;400
Quaker Oatmeal;375
Quark;145
Quattro Formaggi Pizza;248
Quince;57
Quinoa;368
Rabbit;197
Rack of Pork;241
Raclette Cheese;357
Racoon Meat;255
Racoon;255
Radish Seeds;43
Radishes;16
Raisin Bran Crunch;355
Raisin Bran;322
Raisin Bread;274
Raisin Nut Bran;367
Raisins;299
Rajma;140
Rambutan;82
Ramen;447
Ranch Dressing;510
Raspberries;52
Raspberry Pie;240
Ravioli;77
Ready Brek;359
Real Butter;720
Red Beans;124
Red Cabbage;31
Red Gold Potatoes;89
Red Kidney Bean;337
Red Lentils;329
Red Pepper Pizza;192
Red Pepper;251
Red Potatoes;89
Red Snapper;128
Red Velvet Cake;367
Red Wine Vinegar;19
Red Wine;85
Red Wines;85
Redbridge (Gluten-free);45
Redfish;94
Reeses Peanut Butter Cups;536
Refried Beans;91
Reindeer Meat;200
Reindeer;200
Remoulade Sauce;635
Reuben Sandwich;208
Rhea;160
Rhubarb Pie;245
Rhubarb;21
Rib Eye Steak;217
Rice Bran Oil;889
Rice Chex;387
Rice Krispies;394
Rice Milk;49
Rice Pudding;118
Ricotta;174
Riesling Wine;80
Riesling;80
Rigatoni;353
Ring Bologna;286
Roast Beef;187
Roast Dinner;198
Roast Potatoes;149
Roasted Almonds;452
Roasted Soybeans;471
Rock Sugar;625
Rocky Road Ice Cream;257
Roll;316
Rolled Oats;384
Rolling Rock Light;30
Rolling Rock;37
Rollmops;171
Rolo;474
Romano;387
Root Beer;41
Roquefort;369
Rose Wine;71
Rosemary Potatoes;93
Rosemary;131
Roti;264
Rotini;353
Round Steak;182
Rum Cake;351
Rum;231
Rump Steak;171
Rusk;410
Russet Potatoes;97
Russian Banana Potatoes;67
Russian Dressing;400
Rutabaga;38
Rye Bran;281
Rye Bread;259
Rösti;138
Sacher Torte;352
Safflower Oil;857
Safflower Seeds;517
Saffron;310
Sage;315
Sago;354
Salad Dressing;449
Salami Pizza;255
Salami;336
Salmon Cream Cheese;342
Salmon Oil;911
Salmon;206
Salt Meat;286
Salt Pork;286
Salt;0
Salted Butter;717
Sambal Oelek;21
Sambuca;333
Samosa;214
Samuel Adams;45
Sandwich Bread;251
Sandwich Cheese;148
Sandwich;304
Sangria;96
Sapodilla;83
Sardine Oil;902
Sardines;208
Sauerkraut Juice;14
Sausage Pizza;246
Sausage Roll;350
Sausage Rolls;297
Sausage;230
Sauvignon Blanc;81
Savory;272
Savoury Biscuits;347
Scallops;111
Scampi;84
Schnitzel;156
Schwan’s;246
Schweppes Ginger Ale;38
Scone;362
Scooters;367
Scotch Broth;33
Scotch;222
Sea Bass;124
Sea Salt;0
Seafood Pizza;245
Semi-skimmed Milk;50
Semolina Flour;350
Semolina Pudding;67
Semolina;340
Serrano Ham;300
Serrano Pepper;32
Sesame Ginger Dressing;464
Sesame Oil;884
Sesame Paste;595
Sesame Seeds;573
Shad;252
Shallots;72
Shark;130
Shea Oil;884
Sheep Cheese;364
Shells;353
Shepherds Pie;70
Sherry;116
Shirataki Noodles;18
Shiraz;71
Shock Top Raspberry Wheat;50
Shock Top;47
Shortbread;502
Shortcrust Pastry;544
Shredded Coconut;501
Shredded Wheat;340
Shreddies;351
Shrimp Cocktail;464
Shrimp Pizza;209
Sicilian Pizza;241
Sierra Nevada Strong;62
Silken Tofu;55
Skim Milk Yogurt;56
Skim Milk;35
Skippy Peanut Butter;594
Skirt Steak;205
Skittles;405
Sloe Gin;332
Sloppy Joe;71
Sloppy Joes;154
Slurpee;4
Slush Puppie;50
Smart Start;371
Smarties McFlurry;198
Smarties;357
Smelt;124
Smoked Almonds;575
Smoked Cheese;410
Smoked Ham;107
Smoked Salmon;158
Smoked Sausage;301
Smoked Turkey Breast;104
Smoothie;37
Smores;500
Smuckers Strawberry Jam;250
Snickers Ice Cream;360
Snickers;484
Soda Bread;290
Soda;53
Soft Cheese;268
Soft Serve;222
Soft Tofu;61
Sole;86
Solero;100
Sorbitol;375
Soufflé;204
Sour Cream Sauce;60
Sour Cream;181
Sour Patch Kids;363
Sourdough Bread;289
Soursop Fruit;66
Souse;157
Southern Comfort;247
Soy Beans;147
Soy Cheese;235
Soy Mayonnaise;322
Soy Milk;45
Soy Noodles;216
Soy Nut Butter;562
Soy Nuts;471
Soy Oil;882
Soy Protein Powder;338
Soy Sauce;67
Soy Yogurt;66
Soya Cheese;235
Soybean Oil;889
Soybeans;147
Soynut Butter;562
Spaetzle;368
Spaghetti Bolognese;132
Spaghetti;370
Spam;315
Spanakopita;246
Spare Ribs;238
Spareribs;238
Sparkling Wine;190
Sparks;74
Special K Chocolatey Delight;388
Special K Protein Plus;375
Special K Red Berries;345
Special K;377
Speculoos;469
Spelt Bran;177
Spelt Semolina;360
Spelt;338
Spice Cake;332
Spicy Italian;219
Spinach Feta Pizza;242
Spinach Pizza;234
Spinach Tortellini;314
Spinach;23
Spirelli;367
Sponge Cake;289
Spring Roll;250
Spring Rolls;250
Sprinkles;500
Sprite Zero;0
Sprite;37
Spritz Cookies;500
Squash;45
Squid;92
Squirrel Meat;173
Squirrel;173
Squirt;44
St. Pauli Girl;42
Standing Rib Roast;333
Star Fruit;31
Starch;381
Starfruit;31
Steel Reserve;63
Stevia;0
Stew Beef;191
Stilton Cheese;393
Stout Beer;51
Stout;51
Stracciatella Yogurt;139
Strawberries;32
Strawberry Cheesecake;327
Strawberry Ice Cream;236
Strawberry Jam;250
Strawberry Jelly;250
Strawberry Milkshake;113
Strawberry Pie;230
Strawberry Preserves;278
Strawberry Rhubarb Pie;281
Strawberry Sundae;158
Strawberry Yogurt;100
String Cheese;250
Strip Steak;117
Strong Beer;55
Stuffed Crust Pizza;255
Sturgeon;135
Subway Club Sandwich;131
Succotash;115
Sucrose;387
Sugar Peas;42
Sugar Puffs;379
Sugar;405
Summer Sausage;298
Sunbutter;617
Sundae;215
Sunflower Butter;617
Sunflower Oil;884
Sunflower Seeds;584
Sunkist;25
Surge;48
Sushi;150
Sweet and Sour Sauce;179
Sweet Chestnut;194
Sweet Peas;48
Sweet Potato Pie;260
Sweet Potato;92
Sweet Red Wine;81
Sweet Rolls;333
Sweet White Wine;82
Sweet Wines;83
Sweetened Condensed Milk;321
Sweetener;360
Swiss Cheese;380
Swiss Roll;439
Swordfish;172
S’mores;500
T-Bone Steak;202
T-Bone-Steak;221
TaB;0
Tabasco;70
Taco;217
Tagliatelle;370
Take 5;476
Tamarind;239
Tandoori Chicken;113
Tang;381
Tangerine Juice;43
Tangerine;53
Tap Water;0
Tapenade;233
Taro;112
Tarragon;295
Tarte Flambée;253
Tarte Tatin;210
Tea;1
Tempeh;193
Tequila;110
Teriyaki Sauce;89
Textured Soy Protein;571
Textured Vegetable Protein;333
Thai Curry Paste;155
Thai Soup;60
Thin Crust Pizza;261
Thyme;276
Tilsit;340
Tilt;64
Tiramisu Cake;291
Tiramisu;283
Toast;261
Toasties;361
Toblerone;525
Tofu;76
Tomato Juice;17
Tomato Paste;82
Tomato Puree;38
Tomato Rice Soup;47
Tomato Sauce;24
Tomato Seed Oil;884
Tomato Soup;30
Tomato;18
Tongue;284
Tonic Water;35
Tortellini;291
Tortilla Bread;265
Tortilla Chips;499
Tortilla Wrap;271
Tortilla;237
Treacle Tart;369
Tres Leches Cake;246
Trifle;180
Triggerfish;93
Triple Sec;153
Trix;400
Trout;190
Tuna Pizza;254
Tuna Salad;187
Tuna;86
Turbot;122
Turkey Breast;104
Turkey Cutlet;189
Turkey Drumsticks;208
Turkey Giblets;173
Turkey Ham;126
Turkey Heart;174
Turkey Hill;271
Turkey Legs;208
Turkey Liver;189
Turkey Salami;152
Turkey Steak;189
Turkey Stomach;148
Turkey Wings;221
Turkey;104
Turmeric;354
Turnip Greens;20
Turnips;28
Twix;495
Tzatziki;117
Unsalted Butter;717
Vanilla Bean;250
Vanilla Coke;45
Vanilla Cone;162
Vanilla Extract;288
Vanilla Ice Cream;201
Vanilla Milkshake;149
Vanilla Sugar;357
Vanilla Yogurt;101
Veal Breast;282
Veal Heart;186
Veal Kidney;163
Veal Leg;211
Veal Roast Beef;175
Veal Shank;177
Veal Shoulder;183
Veal Sirloin;204
Veal Tenderloin;217
Veal Tongue;202
Veal;282
Vegemite;180
Vegetable Beef Soup;31
Vegetable Broth;5
Vegetable Cream Cheese;342
Vegetable Juice;21
Vegetable Oil;800
Vegetable Pizza;256
Vegetable Shortening;884
Vegetable Soup;28
Vegetable Stock;5
Vegetarian Pizza;256
Veggie Burger;181
Veggie Delight;138
Veggie Patty;390
Veggie Pizza;231
Venison Sirloin;158
Venison;164
Vermicelli;368
Vermouth;130
Victoria Sponge Cake;257
Vinaigrette;120
Vinegar;18
Vodka;231
Volvic;0
Waffles;312
Wahoo;167
Walnut Cream Cheese;342
Walnut Oil;889
Walnuts;654
Wasabi;109
Water;0
Watermelon;30
Wedding Cake;381
Wedding Soup;53
Weet-Bix;353
Weetabix;358
Weetos;378
Weisswurst;313
Wendy’s Baconator;304
Wendy’s Jr. Bacon Cheeseburger;261
Wendy’s Jr. Cheeseburger;225
Wendy’s Son of Baconator;321
Wheat Beer;45
Wheat Bran;216
Wheat Germ Oil;929
Wheat Germ;382
Wheat Gluten;325
Wheat Semolina;360
Wheat Starch;351
Wheaties;367
Whipped Cream;257
Whisky;250
White American;148
White Beans;336
White Bread;238
White Cheddar;403
White Grape Juice;75
White Pepper;296
White Pizza;246
White Potatoes;94
White Wine;82
White Zinfandel;88
Whitefish;172
Whiting;116
Whole Grain Noodles;347
Whole Grain Spaghetti;351
Whole Grain Wheat;339
Whole Milk;61
Whole Wheat Bread;247
Whole Wheat Flour;340
Wholegrain Oat;375
Whoopie Pie;400
Whopper;231
Wild Boar Meat;160
Wild Boar;160
Wild Duck;211
Wild Honey;286
Wine;83
Winter Squash;34
Wisconsin Cheese;389
Worcestershire Sauce;78
Xylitol;240
Yam Bean;38
Yam;118
Yams;116
Yeast (dry);325
Yellow Lentils;304
Yellow Tail Wine;71
Yerba Mate;62
Yogurt Corner;119
Yogurt Dressing;45
Yogurt;61
Yoplait Boston Cream Pie;90
Yoplait French Vanilla;100
Yoplait Greek Blueberry;100
Yoplait Greek Coconut;100
Yoplait Greek Strawberry;100
Yoplait Greek Vanilla;100
Yoplait Harvest Peach;100
Yoplait Key Lime Pie;100
Yoplait Mango;100
Yoplait Mixed Berry;100
Yoplait Pina Colada;100
Yoplait Strawberry Banana;100
Yoplait Strawberry Cheesecake;100
Yoplait Strawberry;100
Yorkshire Pudding;553
Young Gouda;356
Yuba;176
Yukon Gold Potatoes;82
Zander;84
Zesty Italian Dressing;267
Zinfandel;88
Zinger Burger;256
Zinger;256
Ziti;352
Zucchini;17
