aaa;682
aab;702
aac;133
aad;619
aae;261
aaf;137
aag;794
aah;217
aai;456
aaj;509
aak;906
aal;650
aam;818
aan;10
aao;351
aap;405
aaq;809
aar;973
aas;673
aat;603
aau;419
aav;102
aaw;797
aax;740
aay;2
aaz;147
aba;652
abb;42
abc;637
abd;497
abe;37
abf;366
abg;948
abh;500
abi;626
abj;981
abk;17
abl;306
abm;506
abn;367
abo;270
abp;877
abq;577
abr;449
abs;1
abt;913
abu;586
abv;728
abw;35
abx;164
aby;549
abz;924
aca;271
acb;994
acc;404
acd;176
ace;494
acf;687
acg;41
ach;246
aci;371
acj;737
ack;807
acl;67
acm;441
acn;637
aco;945
acp;100
acq;37
acr;572
acs;398
act;5
acu;315
acv;99
acw;707
acx;234
acy;521
acz;65
ada;662
adb;529
adc;78
add;223
ade;638
adf;71
adg;269
adh;188
adi;284
adj;819
adk;989
adl;594
adm;791
adn;521
ado;39
adp;736
adq;694
adr;487
ads;824
adt;761
adu;240
adv;244
adw;546
adx;13
ady;331
adz;159
aea;503
aeb;49
aec;8
aed;150
aee;832
aef;227
aeg;767
aeh;181
aei;998
aej;786
aek;487
ael;365
aem;18
aen;427
aeo;569
aep;793
aeq;879
aer;365
aes;69
aet;444
aeu;77
aev;659
aew;781
aex;332
aey;737
aez;600
afa;406
afb;335
afc;715
afd;355
afe;901
aff;10
afg;566
afh;305
afi;331
afj;237
afk;864
afl;784
afm;263
afn;788
afo;150
afp;250
afq;659
afr;505
afs;322
aft;525
afu;912
afv;892
afw;585
afx;139
afy;796
afz;80
aga;295
agb;627
agc;738
agd;55
age;229
agf;358
agg;723
agh;494
agi;591
agj;564
agk;665
agl;567
agm;953
agn;731
ago;843
agp;914
agq;929
agr;834
ags;94
agt;466
agu;128
agv;277
agw;273
agx;110
agy;200
agz;31
aha;155
ahb;67
ahc;351
ahd;697
ahe;630
ahf;496
ahg;912
ahh;573
ahi;415
ahj;949
ahk;5
ahl;270
ahm;762
ahn;620
aho;357
ahp;669
ahq;630
ahr;443
ahs;701
aht;518
ahu;964
ahv;255
ahw;48
ahx;306
ahy;200
ahz;215
aia;591
aib;9
aic;926
aid;250
aie;941
aif;749
aig;904
aih;362
aii;713
aij;398
aik;7
ail;815
aim;260
ain;957
aio;558
aip;209
aiq;227
air;423
ais;69
ait;181
aiu;25
aiv;920
aiw;845
aix;28
aiy;13
aiz;56
aja;294
ajb;100
ajc;719
ajd;263
aje;920
ajf;944
ajg;992
ajh;596
aji;395
ajj;106
ajk;533
ajl;925
ajm;673
ajn;362
ajo;122
ajp;647
ajq;835
ajr;196
ajs;484
ajt;490
aju;122
ajv;538
ajw;407
ajx;1
ajy;372
ajz;557
aka;492
akb;684
akc;904
akd;443
ake;940
akf;56
akg;366
akh;823
aki;433
akj;477
akk;256
akl;375
akm;621
akn;140
ako;498
akp;500
akq;327
akr;56
aks;278
akt;516
aku;459
akv;743
akw;782
akx;618
aky;472
akz;364
ala;15
alb;391
alc;488
ald;949
ale;225
alf;503
alg;429
alh;301
ali;975
alj;383
alk;826
all;589
alm;691
aln;466
alo;456
alp;55
alq;321
alr;619
als;356
alt;492
alu;439
alv;938
alw;566
alx;194
aly;866
alz;344
ama;896
amb;414
amc;990
amd;218
ame;564
amf;7
amg;581
amh;91
ami;189
amj;567
amk;728
aml;89
amm;756
amn;756
amo;931
amp;273
amq;102
amr;116
ams;47
amt;24
amu;618
amv;957
amw;43
amx;589
amy;881
amz;40
ana;172
anb;128
anc;317
and;514
ane;792
anf;967
ang;912
anh;228
ani;270
anj;66
ank;460
anl;246
anm;486
ann;280
ano;452
anp;43
anq;376
anr;452
ans;783
ant;823
anu;438
anv;550
anw;837
anx;280
any;393
anz;224
aoa;615
aob;663
aoc;525
aod;899
aoe;710
aof;234
aog;70
aoh;265
aoi;636
aoj;767
aok;325
aol;955
aom;430
aon;408
aoo;555
aop;813
aoq;170
aor;445
aos;123
aot;460
aou;216
aov;697
aow;436
aox;990
aoy;884
aoz;829
apa;477
apb;490
apc;806
apd;408
ape;47
apf;496
apg;145
aph;376
api;695
apj;137
apk;579
apl;409
apm;588
apn;840
apo;544
app;764
apq;243
apr;839
aps;782
apt;867
apu;738
apv;434
apw;621
apx;956
apy;950
apz;423
aqa;564
aqb;992
aqc;649
aqd;598
aqe;177
aqf;939
aqg;67
aqh;241
aqi;123
aqj;864
aqk;820
aql;754
aqm;364
aqn;906
aqo;819
aqp;221
aqq;208
aqr;504
aqs;477
aqt;117
aqu;938
aqv;458
aqw;453
aqx;610
aqy;691
aqz;171
ara;364
arb;127
arc;337
ard;30
are;258
arf;249
arg;971
arh;538
ari;433
arj;840
ark;203
arl;869
arm;228
arn;315
aro;331
arp;250
arq;220
arr;854
ars;694
art;518
aru;655
arv;710
arw;590
arx;329
ary;438
arz;682
asa;483
asb;947
asc;234
asd;585
ase;691
asf;358
asg;751
ash;782
asi;663
asj;658
ask;340
asl;525
asm;419
asn;190
aso;624
asp;124
asq;416
asr;572
ass;336
ast;560
asu;160
asv;175
asw;884
asx;845
asy;132
asz;280
ata;615
atb;455
atc;179
atd;925
ate;808
atf;714
atg;374
ath;347
ati;250
atj;86
atk;92
atl;514
atm;708
atn;369
ato;350
atp;164
atq;109
atr;604
ats;162
att;457
atu;52
atv;975
atw;343
atx;93
aty;648
atz;174
aua;924
aub;687
auc;326
aud;458
aue;70
auf;527
aug;985
auh;354
aui;815
auj;416
auk;406
aul;839
aum;759
aun;429
auo;959
aup;60
auq;698
aur;568
aus;314
aut;78
auu;943
auv;471
auw;944
aux;93
auy;376
auz;614
ava;877
avb;459
avc;482
avd;877
ave;556
avf;691
avg;293
avh;589
avi;832
avj;636
avk;723
avl;356
avm;836
avn;218
avo;732
avp;468
avq;421
avr;329
avs;736
avt;829
avu;514
avv;576
avw;772
avx;346
avy;5
avz;537
awa;692
awb;74
awc;652
awd;225
awe;469
awf;616
awg;132
awh;177
awi;138
awj;200
awk;288
awl;282
awm;480
awn;672
awo;297
awp;881
awq;425
awr;151
aws;363
awt;972
awu;664
awv;629
aww;131
awx;307
awy;834
awz;207
axa;642
axb;567
axc;623
axd;400
axe;503
axf;341
axg;145
axh;821
axi;567
axj;280
axk;4
axl;627
axm;467
axn;189
axo;819
axp;124
axq;643
axr;962
axs;589
axt;21
axu;577
axv;461
axw;307
axx;903
axy;997
axz;455
aya;358
ayb;869
ayc;678
ayd;918
aye;196
ayf;396
ayg;60
ayh;862
ayi;304
ayj;957
ayk;603
ayl;95
aym;882
ayn;853
ayo;190
ayp;356
ayq;908
ayr;294
ays;102
ayt;398
ayu;108
ayv;580
ayw;59
ayx;355
ayy;269
ayz;204
aza;355
azb;127
azc;200
azd;58
aze;575
azf;503
azg;391
azh;706
azi;882
azj;814
azk;625
azl;737
azm;184
azn;195
azo;251
azp;225
azq;420
azr;992
azs;55
azt;376
azu;548
azv;824
azw;788
azx;939
azy;860
azz;624
baa;574
bab;489
bac;815
bad;121
bae;264
baf;962
bag;382
bah;666
bai;950
baj;73
bak;0
bal;243
bam;835
ban;252
bao;813
bap;831
baq;431
bar;25
bas;769
bat;55
bau;616
bav;301
baw;19
bax;64
bay;889
baz;778
bba;989
bbb;2
bbc;146
bbd;385
bbe;917
bbf;407
bbg;379
bbh;685
bbi;536
bbj;215
bbk;141
bbl;675
bbm;292
bbn;476
bbo;238
bbp;829
bbq;837
bbr;696
bbs;757
bbt;459
bbu;98
bbv;351
bbw;700
bbx;227
bby;323
bbz;755
bca;84
bcb;179
bcc;425
bcd;510
bce;222
bcf;182
bcg;710
bch;463
bci;276
bcj;714
bck;285
bcl;922
bcm;553
bcn;435
bco;890
bcp;390
bcq;508
bcr;134
bcs;998
bct;176
bcu;438
bcv;560
bcw;820
bcx;106
bcy;590
bcz;992
bda;337
bdb;375
bdc;844
bdd;486
bde;961
bdf;876
bdg;22
bdh;49
bdi;650
bdj;120
bdk;589
bdl;495
bdm;556
bdn;920
bdo;97
bdp;740
bdq;139
bdr;870
bds;80
bdt;969
bdu;709
bdv;968
bdw;640
bdx;941
bdy;240
bdz;811
bea;687
beb;905
bec;316
bed;335
bee;133
bef;322
beg;618
beh;231
bei;778
bej;842
bek;961
bel;515
bem;125
ben;451
beo;716
bep;12
beq;175
ber;378
bes;579
bet;950
beu;710
bev;455
bew;894
bex;12
bey;53
bez;895
bfa;486
bfb;43
bfc;840
bfd;729
bfe;131
bff;938
bfg;761
bfh;908
bfi;973
bfj;59
bfk;789
bfl;511
bfm;512
bfn;175
bfo;302
bfp;953
bfq;681
bfr;503
bfs;450
bft;543
bfu;117
bfv;334
bfw;404
bfx;92
bfy;367
bfz;328
bga;29
bgb;61
bgc;70
bgd;303
bge;991
bgf;305
bgg;954
bgh;155
bgi;714
bgj;964
bgk;708
bgl;171
bgm;512
bgn;83
bgo;980
bgp;444
bgq;321
bgr;578
bgs;834
bgt;675
bgu;255
bgv;674
bgw;321
bgx;818
bgy;781
bgz;419
bha;591
bhb;254
bhc;537
bhd;675
bhe;391
bhf;218
bhg;455
bhh;73
bhi;89
bhj;656
bhk;236
bhl;283
bhm;887
bhn;712
bho;395
bhp;70
bhq;792
bhr;739
bhs;544
bht;549
bhu;35
bhv;667
bhw;515
bhx;780
bhy;550
bhz;279
bia;423
bib;254
bic;769
bid;786
bie;692
bif;358
big;165
bih;845
bii;557
bij;630
bik;454
bil;530
bim;825
bin;415
bio;863
bip;81
biq;145
bir;321
bis;879
bit;229
biu;196
biv;759
biw;971
bix;547
biy;428
biz;16
bja;846
bjb;983
bjc;285
bjd;406
bje;235
bjf;817
bjg;929
bjh;880
bji;359
bjj;555
bjk;336
bjl;148
bjm;456
bjn;521
bjo;447
bjp;611
bjq;688
bjr;634
bjs;330
bjt;956
bju;515
bjv;828
bjw;535
bjx;398
bjy;719
bjz;607
bka;843
bkb;323
bkc;723
bkd;797
bke;668
bkf;781
bkg;192
bkh;280
bki;200
bkj;814
bkk;981
bkl;303
bkm;501
bkn;871
bko;53
bkp;805
bkq;548
bkr;260
bks;46
bkt;483
bku;493
bkv;450
bkw;461
bkx;654
bky;813
bkz;899
bla;659
blb;423
blc;734
bld;574
ble;689
blf;752
blg;890
blh;786
bli;484
blj;61
blk;965
bll;951
blm;490
bln;270
blo;774
blp;816
blq;792
blr;133
bls;505
blt;750
blu;828
blv;684
blw;873
blx;983
bly;103
blz;126
bma;485
bmb;774
bmc;195
bmd;161
bme;707
bmf;857
bmg;158
bmh;465
bmi;468
bmj;720
bmk;686
bml;854
bmm;418
bmn;451
bmo;703
bmp;232
bmq;874
bmr;96
bms;402
bmt;247
bmu;318
bmv;932
bmw;826
bmx;541
bmy;893
bmz;802
bna;515
bnb;841
bnc;621
bnd;994
bne;73
bnf;461
bng;9
bnh;255
bni;685
bnj;548
bnk;87
bnl;912
bnm;416
bnn;323
bno;791
bnp;671
bnq;670
bnr;713
bns;741
bnt;868
bnu;369
bnv;138
bnw;349
bnx;558
bny;548
bnz;112
boa;713
bob;754
boc;773
bod;745
boe;229
bof;104
bog;744
boh;624
boi;797
boj;368
bok;478
bol;247
bom;756
bon;747
boo;953
bop;493
boq;314
bor;94
bos;993
bot;366
bou;785
bov;241
bow;241
box;452
boy;479
boz;402
bpa;223
bpb;437
bpc;28
bpd;838
bpe;352
bpf;862
bpg;487
bph;313
bpi;213
bpj;480
bpk;832
bpl;83
bpm;273
bpn;485
bpo;994
bpp;184
bpq;222
bpr;9
bps;683
bpt;477
bpu;243
bpv;200
bpw;662
bpx;697
bpy;837
bpz;571
bqa;168
bqb;76
bqc;820
bqd;34
bqe;481
bqf;610
bqg;19
bqh;305
bqi;59
bqj;515
bqk;490
bql;321
bqm;886
bqn;299
bqo;394
bqp;825
bqq;382
bqr;628
bqs;309
bqt;783
bqu;983
bqv;574
bqw;773
bqx;205
bqy;621
bqz;588
bra;773
brb;813
brc;277
brd;291
bre;788
brf;67
brg;174
brh;953
bri;470
brj;7
brk;96
brl;779
brm;185
brn;161
bro;136
brp;137
brq;941
brr;75
brs;119
brt;767
bru;7
brv;948
brw;929
brx;425
bry;975
brz;601
bsa;786
bsb;246
bsc;54
bsd;994
bse;186
bsf;772
bsg;138
bsh;243
bsi;101
bsj;442
bsk;621
bsl;62
bsm;350
bsn;410
bso;922
bsp;828
bsq;416
bsr;104
bss;677
bst;872
bsu;749
bsv;874
bsw;764
bsx;278
bsy;484
bsz;353
bta;449
btb;871
btc;569
btd;919
bte;799
btf;71
btg;552
bth;419
bti;224
btj;288
btk;411
btl;45
btm;644
btn;391
bto;643
btp;412
btq;656
btr;356
bts;650
btt;979
btu;499
btv;752
btw;105
btx;290
bty;164
btz;542
bua;297
bub;840
buc;509
bud;111
bue;39
buf;565
bug;792
buh;155
bui;505
buj;458
buk;486
bul;884
bum;36
bun;494
buo;48
bup;480
buq;91
bur;854
bus;685
but;984
buu;419
buv;791
buw;412
bux;996
buy;294
buz;391
bva;792
bvb;563
bvc;822
bvd;78
bve;183
bvf;511
bvg;285
bvh;114
bvi;193
bvj;944
bvk;318
bvl;55
bvm;163
bvn;94
bvo;650
bvp;955
bvq;923
bvr;68
bvs;254
bvt;779
bvu;802
bvv;527
bvw;99
bvx;725
bvy;793
bvz;746
bwa;23
bwb;206
bwc;756
bwd;743
bwe;877
bwf;127
bwg;375
bwh;682
bwi;318
bwj;295
bwk;919
bwl;111
bwm;748
bwn;200
bwo;475
bwp;463
bwq;59
bwr;256
bws;104
bwt;654
bwu;500
bwv;642
bww;40
bwx;893
bwy;618
bwz;15
bxa;113
bxb;646
bxc;263
bxd;889
bxe;343
bxf;37
bxg;377
bxh;515
bxi;260
bxj;511
bxk;357
bxl;97
bxm;413
bxn;884
bxo;573
bxp;567
bxq;639
bxr;793
bxs;88
bxt;737
bxu;702
bxv;818
bxw;765
bxx;232
bxy;645
bxz;906
bya;994
byb;589
byc;515
byd;262
bye;306
byf;176
byg;542
byh;888
byi;464
byj;936
byk;748
byl;102
bym;321
byn;789
byo;811
byp;621
byq;391
byr;79
bys;191
byt;146
byu;608
byv;857
byw;338
byx;516
byy;424
byz;892
bza;361
bzb;237
bzc;978
bzd;215
bze;840
bzf;267
bzg;312
bzh;201
bzi;94
bzj;905
bzk;447
bzl;639
bzm;79
bzn;267
bzo;828
bzp;574
bzq;731
bzr;998
bzs;317
bzt;618
bzu;894
bzv;173
bzw;995
bzx;977
bzy;754
bzz;567
caa;267
cab;614
cac;725
cad;183
cae;904
caf;607
cag;69
cah;228
cai;780
caj;331
cak;533
cal;363
cam;36
can;443
cao;759
cap;455
caq;35
car;132
cas;32
cat;565
cau;416
cav;838
caw;843
cax;664
cay;801
caz;161
cba;458
cbb;102
cbc;53
cbd;921
cbe;282
cbf;153
cbg;135
cbh;60
cbi;946
cbj;835
cbk;990
cbl;955
cbm;857
cbn;477
cbo;506
cbp;201
cbq;755
cbr;367
cbs;538
cbt;531
cbu;168
cbv;823
cbw;105
cbx;158
cby;271
cbz;332
cca;187
ccb;623
ccc;362
ccd;491
cce;890
ccf;527
ccg;169
cch;402
cci;93
ccj;917
cck;592
ccl;358
ccm;596
ccn;623
cco;357
ccp;277
ccq;150
ccr;785
ccs;918
cct;458
ccu;477
ccv;680
ccw;714
ccx;323
ccy;549
ccz;355
cda;780
cdb;180
cdc;569
cdd;125
cde;908
cdf;823
cdg;924
cdh;988
cdi;95
cdj;589
cdk;414
cdl;241
cdm;891
cdn;862
cdo;555
cdp;351
cdq;356
cdr;322
cds;875
cdt;618
cdu;279
cdv;367
cdw;371
cdx;542
cdy;473
cdz;136
cea;69
ceb;240
cec;887
ced;497
cee;36
cef;531
ceg;818
ceh;79
cei;655
cej;931
cek;769
cel;62
cem;745
cen;891
ceo;842
cep;494
ceq;121
cer;143
ces;316
cet;366
ceu;12
cev;227
cew;184
cex;820
cey;944
cez;169
cfa;690
cfb;534
cfc;451
cfd;438
cfe;33
cff;714
cfg;28
cfh;888
cfi;878
cfj;511
cfk;375
cfl;697
cfm;297
cfn;649
cfo;61
cfp;656
cfq;983
cfr;605
cfs;28
cft;239
cfu;321
cfv;178
cfw;756
cfx;272
cfy;12
cfz;782
cga;857
cgb;148
cgc;231
cgd;116
cge;584
cgf;797
cgg;510
cgh;786
cgi;88
cgj;186
cgk;196
cgl;622
cgm;292
cgn;276
cgo;451
cgp;971
cgq;525
cgr;580
cgs;775
cgt;307
cgu;991
cgv;222
cgw;511
cgx;587
cgy;629
cgz;631
cha;355
chb;777
chc;212
chd;98
che;196
chf;63
chg;323
chh;63
chi;814
chj;211
chk;104
chl;246
chm;642
chn;533
cho;450
chp;880
chq;574
chr;528
chs;739
cht;318
chu;776
chv;9
chw;197
chx;882
chy;526
chz;441
cia;455
cib;362
cic;799
cid;201
cie;28
cif;461
cig;728
cih;601
cii;716
cij;484
cik;710
cil;76
cim;35
cin;151
cio;86
cip;716
ciq;14
cir;56
cis;104
cit;300
ciu;613
civ;528
ciw;774
cix;445
ciy;338
ciz;698
cja;61
cjb;631
cjc;974
cjd;523
cje;794
cjf;152
cjg;271
cjh;189
cji;586
cjj;368
cjk;815
cjl;700
cjm;447
cjn;56
cjo;229
cjp;12
cjq;637
cjr;960
cjs;35
cjt;767
cju;388
cjv;53
cjw;886
cjx;979
cjy;128
cjz;390
cka;895
ckb;485
ckc;517
ckd;945
cke;745
ckf;982
ckg;928
ckh;947
cki;111
ckj;222
ckk;37
ckl;412
ckm;197
ckn;899
cko;175
ckp;434
ckq;385
ckr;143
cks;376
ckt;688
cku;898
ckv;704
ckw;481
ckx;470
cky;324
ckz;331
cla;28
clb;763
clc;583
cld;352
cle;870
clf;919
clg;169
clh;475
cli;887
clj;87
clk;482
cll;852
clm;647
cln;61
clo;546
clp;667
clq;145
clr;572
cls;34
clt;919
clu;778
clv;805
clw;763
clx;724
cly;203
clz;389
cma;201
cmb;414
cmc;787
cmd;379
cme;833
cmf;816
cmg;156
cmh;353
cmi;877
cmj;149
cmk;943
cml;183
cmm;447
cmn;887
cmo;812
cmp;728
cmq;428
cmr;149
cms;681
cmt;45
cmu;819
cmv;660
cmw;548
cmx;523
cmy;217
cmz;125
cna;460
cnb;42
cnc;572
cnd;849
cne;368
cnf;428
cng;98
cnh;360
cni;865
cnj;573
cnk;112
cnl;184
cnm;838
cnn;988
cno;933
cnp;681
cnq;644
cnr;45
cns;653
cnt;29
cnu;115
cnv;497
cnw;927
cnx;135
cny;39
cnz;950
coa;736
cob;182
coc;754
cod;74
coe;323
cof;964
cog;525
coh;926
coi;899
coj;600
cok;544
col;832
com;588
con;687
coo;456
cop;21
coq;172
cor;555
cos;622
cot;793
cou;64
cov;268
cow;834
cox;712
coy;969
coz;123
cpa;812
cpb;628
cpc;338
cpd;273
cpe;880
cpf;884
cpg;656
cph;986
cpi;857
cpj;616
cpk;696
cpl;727
cpm;905
cpn;341
cpo;542
cpp;746
cpq;138
cpr;444
cps;924
cpt;853
cpu;623
cpv;101
cpw;483
cpx;719
cpy;196
cpz;472
cqa;195
cqb;333
cqc;807
cqd;926
cqe;489
cqf;478
cqg;809
cqh;12
cqi;125
cqj;840
cqk;508
cql;970
cqm;221
cqn;916
cqo;532
cqp;624
cqq;769
cqr;438
cqs;420
cqt;550
cqu;678
cqv;395
cqw;760
cqx;240
cqy;213
cqz;599
cra;727
crb;404
crc;96
crd;652
cre;639
crf;336
crg;536
crh;878
cri;533
crj;478
crk;121
crl;32
crm;924
crn;808
cro;715
crp;591
crq;783
crr;47
crs;514
crt;384
cru;511
crv;3
crw;129
crx;206
cry;312
crz;321
csa;832
csb;44
csc;336
csd;712
cse;829
csf;781
csg;59
csh;144
csi;387
csj;236
csk;238
csl;444
csm;399
csn;17
cso;265
csp;247
csq;393
csr;350
css;318
cst;349
csu;337
csv;823
csw;823
csx;913
csy;156
csz;460
cta;793
ctb;852
ctc;559
ctd;845
cte;770
ctf;537
ctg;197
cth;347
cti;956
ctj;493
ctk;463
ctl;708
ctm;232
ctn;539
cto;847
ctp;695
ctq;749
ctr;626
cts;10
ctt;3
ctu;511
ctv;448
ctw;234
ctx;733
cty;354
ctz;302
cua;200
cub;755
cuc;233
cud;667
cue;881
cuf;692
cug;275
cuh;699
cui;842
cuj;280
cuk;97
cul;398
cum;783
cun;893
cuo;45
cup;964
cuq;873
cur;668
cus;809
cut;74
cuu;315
cuv;263
cuw;205
cux;791
cuy;379
cuz;419
cva;890
cvb;119
cvc;568
cvd;915
cve;411
cvf;589
cvg;245
cvh;160
cvi;133
cvj;690
cvk;531
cvl;153
cvm;295
cvn;512
cvo;934
cvp;461
cvq;472
cvr;72
cvs;137
cvt;705
cvu;940
cvv;578
cvw;206
cvx;11
cvy;133
cvz;390
cwa;148
cwb;740
cwc;212
cwd;539
cwe;665
cwf;565
cwg;57
cwh;199
cwi;377
cwj;768
cwk;450
cwl;567
cwm;715
cwn;647
cwo;465
cwp;196
cwq;246
cwr;839
cws;23
cwt;353
cwu;113
cwv;417
cww;305
cwx;498
cwy;481
cwz;196
cxa;741
cxb;908
cxc;175
cxd;828
cxe;544
cxf;263
cxg;619
cxh;331
cxi;25
cxj;841
cxk;129
cxl;68
cxm;553
cxn;559
cxo;703
cxp;582
cxq;268
cxr;400
cxs;594
cxt;431
cxu;64
cxv;921
cxw;352
cxx;602
cxy;361
cxz;793
cya;699
cyb;296
cyc;628
cyd;558
cye;381
cyf;691
cyg;98
cyh;883
cyi;307
cyj;835
cyk;613
cyl;970
cym;813
cyn;632
cyo;292
cyp;291
cyq;407
cyr;364
cys;717
cyt;650
cyu;603
cyv;433
cyw;608
cyx;265
cyy;76
cyz;142
cza;689
czb;777
czc;738
czd;735
cze;841
czf;64
czg;558
czh;419
czi;302
czj;368
czk;167
czl;849
czm;732
czn;983
czo;909
czp;23
czq;190
czr;162
czs;588
czt;882
czu;194
czv;471
czw;257
czx;62
czy;936
czz;774
daa;767
dab;795
dac;271
dad;964
dae;960
daf;76
dag;822
dah;96
dai;36
daj;777
dak;799
dal;253
dam;576
dan;187
dao;108
dap;659
daq;637
dar;117
das;76
dat;16
dau;250
dav;142
daw;372
dax;433
day;937
daz;106
dba;635
dbb;35
dbc;850
dbd;356
dbe;953
dbf;830
dbg;910
dbh;508
dbi;602
dbj;120
dbk;587
dbl;636
dbm;909
dbn;608
dbo;832
dbp;818
dbq;1
dbr;906
dbs;682
dbt;264
dbu;812
dbv;245
dbw;649
dbx;749
dby;533
dbz;642
dca;115
dcb;461
dcc;767
dcd;167
dce;320
dcf;132
dcg;690
dch;41
dci;75
dcj;361
dck;264
dcl;382
dcm;331
dcn;790
dco;905
dcp;982
dcq;762
dcr;487
dcs;306
dct;331
dcu;992
dcv;615
dcw;941
dcx;531
dcy;166
dcz;412
dda;735
ddb;332
ddc;621
ddd;671
dde;2
ddf;127
ddg;448
ddh;497
ddi;552
ddj;980
ddk;269
ddl;696
ddm;685
ddn;946
ddo;235
ddp;937
ddq;501
ddr;384
dds;398
ddt;838
ddu;705
ddv;392
ddw;465
ddx;709
ddy;250
ddz;627
dea;899
deb;317
dec;181
ded;238
dee;661
def;346
deg;529
deh;164
dei;656
dej;127
dek;168
del;945
dem;724
den;300
deo;226
dep;976
deq;990
der;6
des;702
det;757
deu;974
dev;309
dew;903
dex;722
dey;734
dez;385
dfa;307
dfb;262
dfc;422
dfd;839
dfe;354
dff;823
dfg;907
dfh;627
dfi;373
dfj;751
dfk;15
dfl;806
dfm;747
dfn;782
dfo;160
dfp;916
dfq;612
dfr;199
dfs;248
dft;696
dfu;318
dfv;498
dfw;495
dfx;602
dfy;523
dfz;374
dga;616
dgb;651
dgc;422
dgd;422
dge;184
dgf;14
dgg;998
dgh;193
dgi;975
dgj;983
dgk;613
dgl;736
dgm;329
dgn;650
dgo;53
dgp;117
dgq;121
dgr;533
dgs;457
dgt;997
dgu;287
dgv;273
dgw;268
dgx;89
dgy;541
dgz;36
dha;668
dhb;396
dhc;977
dhd;942
dhe;528
dhf;209
dhg;695
dhh;911
dhi;655
dhj;43
dhk;489
dhl;507
dhm;356
dhn;189
dho;324
dhp;45
dhq;419
dhr;689
dhs;209
dht;36
dhu;984
dhv;966
dhw;898
dhx;203
dhy;297
dhz;529
dia;125
dib;347
dic;248
did;47
die;319
dif;759
dig;939
dih;905
dii;702
dij;914
dik;737
dil;554
dim;142
din;772
dio;552
dip;23
diq;752
dir;569
dis;643
dit;843
diu;662
div;685
diw;609
dix;228
diy;232
diz;851
dja;906
djb;902
djc;329
djd;784
dje;147
djf;623
djg;971
djh;494
dji;61
djj;90
djk;486
djl;247
djm;826
djn;50
djo;667
djp;90
djq;719
djr;296
djs;998
djt;936
dju;278
djv;173
djw;490
djx;983
djy;398
djz;453
dka;292
dkb;431
dkc;56
dkd;384
dke;350
dkf;645
dkg;752
dkh;238
dki;678
dkj;563
dkk;319
dkl;62
dkm;754
dkn;430
dko;458
dkp;413
dkq;566
dkr;738
dks;899
dkt;44
dku;661
dkv;538
dkw;988
dkx;851
dky;705
dkz;143
dla;309
dlb;282
dlc;120
dld;113
dle;704
dlf;123
dlg;294
dlh;642
dli;908
dlj;795
dlk;137
dll;899
dlm;531
dln;229
dlo;870
dlp;787
dlq;942
dlr;303
dls;473
dlt;100
dlu;319
dlv;661
dlw;89
dlx;845
dly;351
dlz;577
dma;227
dmb;124
dmc;566
dmd;958
dme;66
dmf;246
dmg;385
dmh;272
dmi;941
dmj;113
dmk;600
dml;330
dmm;789
dmn;53
dmo;894
dmp;910
dmq;83
dmr;966
dms;763
dmt;882
dmu;192
dmv;312
dmw;841
dmx;469
dmy;362
dmz;962
dna;278
dnb;149
dnc;341
dnd;836
dne;168
dnf;246
dng;973
dnh;881
dni;896
dnj;661
dnk;236
dnl;229
dnm;573
dnn;236
dno;315
dnp;203
dnq;923
dnr;827
dns;83
dnt;495
dnu;463
dnv;858
dnw;730
dnx;262
dny;177
dnz;555
doa;661
dob;937
doc;354
dod;246
doe;605
dof;45
dog;38
doh;834
doi;375
doj;573
dok;683
dol;402
dom;575
don;99
doo;102
dop;902
doq;792
dor;990
dos;82
dot;532
dou;967
dov;386
dow;750
dox;924
doy;583
doz;258
dpa;351
dpb;504
dpc;268
dpd;535
dpe;742
dpf;189
dpg;252
dph;602
dpi;919
dpj;663
dpk;662
dpl;477
dpm;574
dpn;790
dpo;809
dpp;345
dpq;818
dpr;148
dps;920
dpt;230
dpu;498
dpv;636
dpw;802
dpx;839
dpy;638
dpz;287
dqa;961
dqb;345
dqc;422
dqd;363
dqe;689
dqf;4
dqg;688
dqh;847
dqi;727
dqj;87
dqk;885
dql;146
dqm;902
dqn;649
dqo;804
dqp;731
dqq;257
dqr;430
dqs;32
dqt;689
dqu;635
dqv;550
dqw;363
dqx;32
dqy;937
dqz;837
dra;476
drb;295
drc;603
drd;721
dre;976
drf;605
drg;550
drh;309
dri;518
drj;21
drk;288
drl;105
drm;442
drn;249
dro;769
drp;608
drq;425
drr;653
drs;713
drt;576
dru;471
drv;886
drw;131
drx;359
dry;525
drz;982
dsa;323
dsb;711
dsc;743
dsd;965
dse;61
dsf;788
dsg;61
dsh;349
dsi;530
dsj;895
dsk;407
dsl;228
dsm;152
dsn;324
dso;953
dsp;727
dsq;455
dsr;7
dss;504
dst;567
dsu;445
dsv;385
dsw;623
dsx;987
dsy;456
dsz;608
dta;871
dtb;477
dtc;168
dtd;693
dte;245
dtf;657
dtg;201
dth;106
dti;200
dtj;411
dtk;504
dtl;167
dtm;333
dtn;907
dto;844
dtp;318
dtq;283
dtr;536
dts;172
dtt;207
dtu;866
dtv;790
dtw;946
dtx;464
dty;383
dtz;594
dua;143
dub;962
duc;529
dud;753
due;169
duf;227
dug;927
duh;262
dui;606
duj;940
duk;452
dul;109
dum;604
dun;253
duo;291
dup;402
duq;331
dur;459
dus;870
dut;979
duu;860
duv;501
duw;837
dux;198
duy;799
duz;649
dva;47
dvb;317
dvc;102
dvd;998
dve;906
dvf;845
dvg;255
dvh;16
dvi;335
dvj;78
dvk;416
dvl;785
dvm;635
dvn;189
dvo;595
dvp;970
dvq;655
dvr;552
dvs;337
dvt;174
dvu;500
dvv;31
dvw;973
dvx;753
dvy;197
dvz;253
dwa;919
dwb;86
dwc;767
dwd;664
dwe;504
dwf;123
dwg;514
dwh;95
dwi;32
dwj;777
dwk;516
dwl;50
dwm;825
dwn;954
dwo;807
dwp;956
dwq;71
dwr;55
dws;395
dwt;740
dwu;665
dwv;260
dww;711
dwx;514
dwy;429
dwz;898
dxa;645
dxb;587
dxc;754
dxd;395
dxe;264
dxf;384
dxg;353
dxh;210
dxi;838
dxj;317
dxk;971
dxl;339
dxm;498
dxn;505
dxo;718
dxp;246
dxq;956
dxr;550
dxs;127
dxt;128
dxu;389
dxv;400
dxw;544
dxx;772
dxy;729
dxz;114
dya;123
dyb;179
dyc;982
dyd;909
dye;625
dyf;915
dyg;940
dyh;321
dyi;881
dyj;714
dyk;159
dyl;636
dym;962
dyn;673
dyo;785
dyp;842
dyq;4
dyr;879
dys;64
dyt;450
dyu;259
dyv;452
dyw;62
dyx;136
dyy;904
dyz;848
dza;302
dzb;818
dzc;298
dzd;800
dze;577
dzf;206
dzg;961
dzh;63
dzi;149
dzj;774
dzk;223
dzl;57
dzm;123
dzn;747
dzo;282
dzp;693
dzq;498
dzr;783
dzs;253
dzt;237
dzu;545
dzv;735
dzw;695
dzx;645
dzy;301
dzz;818
eaa;927
eab;778
eac;779
ead;931
eae;404
eaf;18
eag;294
eah;867
eai;819
eaj;20
eak;455
eal;177
eam;539
ean;645
eao;758
eap;737
eaq;941
ear;995
eas;220
eat;914
eau;99
eav;721
eaw;290
eax;131
eay;973
eaz;401
eba;148
ebb;543
ebc;791
ebd;345
ebe;972
ebf;726
ebg;3
ebh;775
ebi;814
ebj;599
ebk;39
ebl;382
ebm;617
ebn;638
ebo;603
ebp;710
ebq;946
ebr;322
ebs;343
ebt;176
ebu;235
ebv;68
ebw;652
ebx;639
eby;693
ebz;377
eca;231
ecb;473
ecc;986
ecd;867
ece;107
ecf;663
ecg;804
ech;417
eci;147
ecj;238
eck;994
ecl;135
ecm;882
ecn;635
eco;613
ecp;435
ecq;719
ecr;399
ecs;81
ect;414
ecu;427
ecv;326
ecw;421
ecx;362
ecy;579
ecz;378
eda;43
edb;327
edc;735
edd;258
ede;972
edf;746
edg;422
edh;745
edi;673
edj;496
edk;224
edl;10
edm;871
edn;137
edo;98
edp;412
edq;432
edr;152
eds;428
edt;978
edu;720
edv;9
edw;381
edx;624
edy;290
edz;939
eea;70
eeb;30
eec;906
eed;248
eee;406
eef;671
eeg;215
eeh;449
eei;671
eej;262
eek;542
eel;249
eem;149
een;318
eeo;348
eep;595
eeq;493
eer;891
ees;62
eet;517
eeu;991
eev;736
eew;929
eex;405
eey;762
eez;529
efa;567
efb;864
efc;626
efd;603
efe;946
eff;28
efg;688
efh;13
efi;739
efj;320
efk;897
efl;587
efm;464
efn;755
efo;466
efp;856
efq;914
efr;475
efs;241
eft;887
efu;256
efv;217
efw;522
efx;253
efy;825
efz;969
ega;988
egb;357
egc;533
egd;672
ege;232
egf;763
egg;903
egh;72
egi;278
egj;701
egk;393
egl;195
egm;72
egn;853
ego;571
egp;886
egq;650
egr;293
egs;234
egt;565
egu;227
egv;158
egw;795
egx;42
egy;620
egz;124
eha;21
ehb;490
ehc;425
ehd;874
ehe;203
ehf;748
ehg;236
ehh;298
ehi;962
ehj;623
ehk;239
ehl;249
ehm;131
ehn;5
eho;32
ehp;798
ehq;953
ehr;849
ehs;904
eht;983
ehu;676
ehv;855
ehw;894
ehx;924
ehy;367
ehz;803
eia;143
eib;70
eic;217
eid;968
eie;834
eif;576
eig;869
eih;523
eii;931
eij;91
eik;318
eil;567
eim;127
ein;926
eio;464
eip;485
eiq;336
eir;120
eis;454
eit;846
eiu;600
eiv;119
eiw;588
eix;669
eiy;357
eiz;300
eja;949
ejb;825
ejc;518
ejd;684
eje;758
ejf;80
ejg;505
ejh;189
eji;51
ejj;132
ejk;211
ejl;238
ejm;234
ejn;15
ejo;829
ejp;353
ejq;607
ejr;96
ejs;292
ejt;521
eju;843
ejv;840
ejw;525
ejx;927
ejy;129
ejz;995
eka;396
ekb;983
ekc;777
ekd;491
eke;201
ekf;579
ekg;537
ekh;497
eki;708
ekj;713
ekk;703
ekl;823
ekm;648
ekn;179
eko;486
ekp;972
ekq;112
ekr;196
eks;878
ekt;561
eku;195
ekv;993
ekw;472
ekx;595
eky;561
ekz;714
ela;673
elb;242
elc;19
eld;605
ele;334
elf;658
elg;527
elh;557
eli;706
elj;636
elk;754
ell;941
elm;335
eln;498
elo;948
elp;983
elq;749
elr;599
els;396
elt;438
elu;65
elv;161
elw;601
elx;590
ely;809
elz;948
ema;685
emb;295
emc;786
emd;442
eme;631
emf;698
emg;247
emh;509
emi;532
emj;510
emk;934
eml;460
emm;890
emn;228
emo;975
emp;135
emq;201
emr;937
ems;763
emt;404
emu;857
emv;399
emw;658
emx;912
emy;245
emz;833
ena;619
enb;203
enc;151
end;715
ene;119
enf;468
eng;82
enh;753
eni;616
enj;104
enk;560
enl;344
enm;690
enn;764
eno;841
enp;955
enq;395
enr;380
ens;886
ent;5
enu;593
env;945
enw;514
enx;951
eny;819
enz;460
eoa;933
eob;0
eoc;91
eod;466
eoe;494
eof;571
eog;984
eoh;397
eoi;947
eoj;912
eok;940
eol;155
eom;138
eon;730
eoo;592
eop;403
eoq;322
eor;201
eos;321
eot;169
eou;208
eov;987
eow;448
eox;905
eoy;970
eoz;50
epa;972
epb;759
epc;843
epd;499
epe;10
epf;980
epg;310
eph;295
epi;903
epj;240
epk;236
epl;4
epm;729
epn;640
epo;871
epp;797
epq;339
epr;914
eps;160
ept;804
epu;194
epv;39
epw;57
epx;945
epy;592
epz;907
eqa;372
eqb;710
eqc;846
eqd;990
eqe;896
eqf;618
eqg;553
eqh;293
eqi;516
eqj;515
eqk;345
eql;942
eqm;574
eqn;391
eqo;869
eqp;491
eqq;482
eqr;928
eqs;195
eqt;234
equ;313
eqv;342
eqw;348
eqx;918
eqy;982
eqz;992
era;666
erb;716
erc;942
erd;345
ere;933
erf;57
erg;684
erh;70
eri;347
erj;599
erk;50
erl;592
erm;581
ern;816
ero;331
erp;989
erq;354
err;12
ers;236
ert;145
eru;681
erv;274
erw;365
erx;61
ery;70
erz;140
esa;118
esb;145
esc;428
esd;812
ese;820
esf;826
esg;359
esh;75
esi;208
esj;473
esk;390
esl;557
esm;553
esn;311
eso;937
esp;697
esq;636
esr;360
ess;675
est;714
esu;44
esv;387
esw;333
esx;161
esy;909
esz;692
eta;964
etb;908
etc;712
etd;614
ete;915
etf;230
etg;945
eth;67
eti;529
etj;918
etk;841
etl;537
etm;605
etn;211
eto;415
etp;673
etq;932
etr;183
ets;287
ett;250
etu;281
etv;451
etw;617
etx;786
ety;415
etz;987
eua;940
eub;169
euc;781
eud;431
eue;74
euf;51
eug;819
euh;147
eui;979
euj;770
euk;664
eul;154
eum;431
eun;715
euo;840
eup;284
euq;604
eur;257
eus;155
eut;185
euu;481
euv;40
euw;547
eux;724
euy;126
euz;802
eva;509
evb;813
evc;647
evd;559
eve;304
evf;105
evg;604
evh;698
evi;648
evj;695
evk;375
evl;580
evm;200
evn;928
evo;857
evp;883
evq;964
evr;973
evs;195
evt;223
evu;179
evv;701
evw;422
evx;489
evy;344
evz;276
ewa;997
ewb;895
ewc;623
ewd;704
ewe;338
ewf;594
ewg;467
ewh;880
ewi;517
ewj;519
ewk;379
ewl;94
ewm;3
ewn;389
ewo;726
ewp;448
ewq;72
ewr;895
ews;29
ewt;428
ewu;867
ewv;964
eww;459
ewx;999
ewy;37
ewz;733
exa;294
exb;612
exc;27
exd;180
exe;809
exf;890
exg;229
exh;509
exi;740
exj;839
exk;56
exl;129
exm;525
exn;249
exo;498
exp;991
exq;320
exr;441
exs;148
ext;949
exu;12
exv;926
exw;565
exx;332
exy;209
exz;247
eya;65
eyb;201
eyc;123
eyd;855
eye;120
eyf;198
eyg;288
eyh;924
eyi;653
eyj;75
eyk;994
eyl;475
eym;356
eyn;801
eyo;336
eyp;208
eyq;865
eyr;463
eys;625
eyt;809
eyu;978
eyv;369
eyw;743
eyx;388
eyy;162
eyz;847
eza;190
ezb;931
ezc;535
ezd;893
eze;554
ezf;214
ezg;353
ezh;327
ezi;852
ezj;859
ezk;23
ezl;431
ezm;346
ezn;444
ezo;356
ezp;669
ezq;950
ezr;172
ezs;651
ezt;352
ezu;204
ezv;300
ezw;467
ezx;458
ezy;380
ezz;970
faa;414
fab;504
fac;576
fad;439
fae;271
faf;483
fag;104
fah;925
fai;348
faj;174
fak;976
fal;468
fam;492
fan;216
fao;533
fap;212
faq;239
far;301
fas;216
fat;806
fau;998
fav;106
faw;858
fax;324
fay;259
faz;651
fba;916
fbb;516
fbc;325
fbd;872
fbe;878
fbf;821
fbg;449
fbh;343
fbi;116
fbj;218
fbk;8
fbl;694
fbm;859
fbn;85
fbo;152
fbp;424
fbq;25
fbr;77
fbs;662
fbt;615
fbu;509
fbv;708
fbw;779
fbx;947
fby;400
fbz;196
fca;291
fcb;665
fcc;849
fcd;918
fce;270
fcf;355
fcg;161
fch;45
fci;472
fcj;703
fck;548
fcl;526
fcm;462
fcn;676
fco;226
fcp;705
fcq;578
fcr;788
fcs;457
fct;786
fcu;11
fcv;284
fcw;169
fcx;243
fcy;569
fcz;950
fda;518
fdb;737
fdc;338
fdd;680
fde;937
fdf;90
fdg;728
fdh;146
fdi;52
fdj;622
fdk;262
fdl;173
fdm;77
fdn;119
fdo;1
fdp;12
fdq;148
fdr;170
fds;358
fdt;839
fdu;830
fdv;131
fdw;471
fdx;71
fdy;240
fdz;671
fea;657
feb;250
fec;79
fed;8
fee;28
fef;457
feg;844
feh;344
fei;564
fej;124
fek;461
fel;184
fem;498
fen;70
feo;895
fep;256
feq;201
fer;584
fes;90
fet;621
feu;260
fev;80
few;386
fex;375
fey;925
fez;674
ffa;941
ffb;171
ffc;109
ffd;990
ffe;262
fff;67
ffg;258
ffh;661
ffi;52
ffj;459
ffk;129
ffl;224
ffm;831
ffn;37
ffo;399
ffp;155
ffq;849
ffr;516
ffs;875
fft;253
ffu;853
ffv;476
ffw;974
ffx;4
ffy;688
ffz;253
fga;976
fgb;968
fgc;767
fgd;902
fge;408
fgf;512
fgg;552
fgh;762
fgi;744
fgj;883
fgk;271
fgl;148
fgm;773
fgn;955
fgo;661
fgp;822
fgq;911
fgr;195
fgs;887
fgt;563
fgu;241
fgv;458
fgw;467
fgx;943
fgy;368
fgz;841
fha;592
fhb;650
fhc;13
fhd;645
fhe;663
fhf;320
fhg;162
fhh;144
fhi;64
fhj;518
fhk;405
fhl;276
fhm;748
fhn;983
fho;698
fhp;214
fhq;308
fhr;945
fhs;819
fht;857
fhu;831
fhv;108
fhw;134
fhx;108
fhy;311
fhz;579
fia;391
fib;646
fic;857
fid;692
fie;38
fif;999
fig;208
fih;911
fii;804
fij;325
fik;363
fil;614
fim;676
fin;722
fio;687
fip;872
fiq;420
fir;987
fis;6
fit;164
fiu;614
fiv;908
fiw;187
fix;505
fiy;780
fiz;386
fja;447
fjb;225
fjc;867
fjd;780
fje;748
fjf;15
fjg;398
fjh;695
fji;279
fjj;453
fjk;692
fjl;648
fjm;897
fjn;643
fjo;520
fjp;152
fjq;593
fjr;755
fjs;347
fjt;602
fju;209
fjv;623
fjw;999
fjx;405
fjy;711
fjz;330
fka;912
fkb;19
fkc;701
fkd;259
fke;171
fkf;837
fkg;256
fkh;19
fki;72
fkj;123
fkk;200
fkl;238
fkm;771
fkn;788
fko;442
fkp;564
fkq;498
fkr;15
fks;169
fkt;853
fku;549
fkv;647
fkw;633
fkx;224
fky;138
fkz;894
fla;785
flb;730
flc;580
fld;494
fle;908
flf;461
flg;456
flh;888
fli;572
flj;176
flk;170
fll;504
flm;948
fln;553
flo;474
flp;484
flq;378
flr;245
fls;859
flt;678
flu;779
flv;140
flw;938
flx;500
fly;723
flz;820
fma;316
fmb;390
fmc;68
fmd;653
fme;87
fmf;46
fmg;374
fmh;366
fmi;808
fmj;141
fmk;103
fml;564
fmm;724
fmn;276
fmo;969
fmp;690
fmq;286
fmr;650
fms;791
fmt;128
fmu;258
fmv;591
fmw;203
fmx;966
fmy;337
fmz;356
fna;641
fnb;468
fnc;767
fnd;997
fne;333
fnf;356
fng;712
fnh;423
fni;14
fnj;762
fnk;426
fnl;203
fnm;648
fnn;624
fno;383
fnp;572
fnq;309
fnr;780
fns;494
fnt;297
fnu;190
fnv;842
fnw;956
fnx;776
fny;997
fnz;661
foa;955
fob;57
foc;324
fod;126
foe;421
fof;798
fog;889
foh;765
foi;713
foj;970
fok;823
fol;919
fom;551
fon;291
foo;671
fop;44
foq;455
for;795
fos;237
fot;213
fou;324
fov;10
fow;502
fox;415
foy;403
foz;35
fpa;573
fpb;885
fpc;552
fpd;489
fpe;958
fpf;483
fpg;929
fph;727
fpi;819
fpj;723
fpk;46
fpl;813
fpm;794
fpn;424
fpo;690
fpp;257
fpq;61
fpr;243
fps;837
fpt;773
fpu;557
fpv;41
fpw;867
fpx;250
fpy;480
fpz;820
fqa;925
fqb;654
fqc;649
fqd;537
fqe;683
fqf;76
fqg;720
fqh;252
fqi;446
fqj;167
fqk;7
fql;344
fqm;922
fqn;756
fqo;517
fqp;384
fqq;695
fqr;794
fqs;273
fqt;409
fqu;645
fqv;351
fqw;939
fqx;130
fqy;984
fqz;870
fra;461
frb;820
frc;943
frd;785
fre;796
frf;323
frg;350
frh;25
fri;632
frj;521
frk;459
frl;39
frm;790
frn;992
fro;254
frp;302
frq;827
frr;846
frs;563
frt;879
fru;970
frv;568
frw;576
frx;983
fry;904
frz;377
fsa;41
fsb;467
fsc;2
fsd;842
fse;226
fsf;85
fsg;35
fsh;554
fsi;329
fsj;126
fsk;975
fsl;239
fsm;266
fsn;456
fso;301
fsp;360
fsq;743
fsr;429
fss;560
fst;414
fsu;790
fsv;507
fsw;259
fsx;666
fsy;217
fsz;429
fta;162
ftb;565
ftc;734
ftd;350
fte;135
ftf;75
ftg;89
fth;801
fti;120
ftj;243
ftk;361
ftl;757
ftm;113
ftn;405
fto;549
ftp;511
ftq;656
ftr;48
fts;444
ftt;402
ftu;337
ftv;255
ftw;513
ftx;430
fty;17
ftz;580
fua;551
fub;111
fuc;556
fud;297
fue;867
fuf;820
fug;636
fuh;794
fui;887
fuj;1
fuk;473
ful;528
fum;797
fun;757
fuo;492
fup;556
fuq;743
fur;952
fus;43
fut;320
fuu;656
fuv;492
fuw;44
fux;135
fuy;287
fuz;880
fva;203
fvb;194
fvc;868
fvd;457
fve;695
fvf;728
fvg;403
fvh;586
fvi;859
fvj;478
fvk;404
fvl;846
fvm;892
fvn;954
fvo;692
fvp;724
fvq;199
fvr;192
fvs;265
fvt;840
fvu;847
fvv;663
fvw;53
fvx;546
fvy;123
fvz;482
fwa;191
fwb;522
fwc;51
fwd;547
fwe;483
fwf;441
fwg;688
fwh;123
fwi;29
fwj;838
fwk;200
fwl;944
fwm;531
fwn;627
fwo;838
fwp;521
fwq;290
fwr;673
fws;571
fwt;631
fwu;878
fwv;145
fww;891
fwx;393
fwy;916
fwz;432
fxa;53
fxb;152
fxc;36
fxd;246
fxe;368
fxf;236
fxg;151
fxh;728
fxi;728
fxj;574
fxk;452
fxl;945
fxm;740
fxn;246
fxo;200
fxp;704
fxq;84
fxr;208
fxs;567
fxt;900
fxu;303
fxv;969
fxw;138
fxx;201
fxy;65
fxz;183
fya;388
fyb;896
fyc;335
fyd;655
fye;421
fyf;537
fyg;156
fyh;79
fyi;321
fyj;393
fyk;971
fyl;380
fym;782
fyn;568
fyo;966
fyp;133
fyq;768
fyr;148
fys;490
fyt;506
fyu;581
fyv;800
fyw;592
fyx;189
fyy;14
fyz;292
fza;923
fzb;358
fzc;360
fzd;667
fze;370
fzf;424
fzg;489
fzh;553
fzi;26
fzj;353
fzk;361
fzl;887
fzm;241
fzn;387
fzo;421
fzp;790
fzq;631
fzr;181
fzs;673
fzt;705
fzu;730
fzv;442
fzw;502
fzx;946
fzy;793
fzz;654
gaa;667
gab;809
gac;21
gad;702
gae;304
gaf;471
gag;50
gah;972
gai;225
gaj;874
gak;841
gal;741
gam;228
gan;740
gao;850
gap;271
gaq;892
gar;713
gas;960
gat;14
gau;177
gav;921
gaw;924
gax;453
gay;1
gaz;653
gba;560
gbb;158
gbc;338
gbd;446
gbe;932
gbf;497
gbg;892
gbh;177
gbi;14
gbj;207
gbk;735
gbl;598
gbm;911
gbn;348
gbo;207
gbp;183
gbq;844
gbr;490
gbs;196
gbt;12
gbu;644
gbv;444
gbw;704
gbx;329
gby;8
gbz;533
gca;506
gcb;79
gcc;114
gcd;117
gce;784
gcf;58
gcg;342
gch;3
gci;766
gcj;786
gck;256
gcl;692
gcm;270
gcn;659
gco;679
gcp;407
gcq;839
gcr;185
gcs;58
gct;777
gcu;165
gcv;177
gcw;894
gcx;550
gcy;67
gcz;923
gda;96
gdb;123
gdc;520
gdd;36
gde;687
gdf;343
gdg;443
gdh;62
gdi;180
gdj;458
gdk;847
gdl;329
gdm;246
gdn;180
gdo;997
gdp;838
gdq;212
gdr;427
gds;118
gdt;126
gdu;893
gdv;449
gdw;226
gdx;418
gdy;898
gdz;382
gea;421
geb;377
gec;169
ged;16
gee;744
gef;162
geg;654
geh;920
gei;424
gej;676
gek;723
gel;433
gem;536
gen;434
geo;162
gep;886
geq;697
ger;470
ges;672
get;88
geu;778
gev;64
gew;107
gex;62
gey;353
gez;499
gfa;661
gfb;982
gfc;686
gfd;582
gfe;621
gff;971
gfg;911
gfh;635
gfi;838
gfj;705
gfk;600
gfl;413
gfm;33
gfn;624
gfo;720
gfp;91
gfq;588
gfr;612
gfs;200
gft;743
gfu;412
gfv;606
gfw;346
gfx;582
gfy;35
gfz;471
gga;750
ggb;996
ggc;215
ggd;844
gge;545
ggf;348
ggg;463
ggh;390
ggi;667
ggj;614
ggk;428
ggl;977
ggm;593
ggn;727
ggo;58
ggp;297
ggq;177
ggr;395
ggs;682
ggt;996
ggu;609
ggv;288
ggw;706
ggx;943
ggy;842
ggz;620
gha;390
ghb;46
ghc;282
ghd;270
ghe;308
ghf;229
ghg;413
ghh;56
ghi;434
ghj;180
ghk;7
ghl;921
ghm;637
ghn;876
gho;830
ghp;448
ghq;272
ghr;519
ghs;199
ght;709
ghu;817
ghv;818
ghw;706
ghx;194
ghy;642
ghz;673
gia;330
gib;437
gic;561
gid;473
gie;228
gif;491
gig;442
gih;701
gii;542
gij;284
gik;932
gil;127
gim;385
gin;844
gio;500
gip;195
giq;475
gir;182
gis;783
git;875
giu;400
giv;224
giw;483
gix;916
giy;494
giz;424
gja;989
gjb;564
gjc;596
gjd;410
gje;378
gjf;966
gjg;257
gjh;796
gji;776
gjj;836
gjk;7
gjl;564
gjm;82
gjn;265
gjo;361
gjp;511
gjq;803
gjr;376
gjs;816
gjt;386
gju;611
gjv;281
gjw;660
gjx;342
gjy;4
gjz;230
gka;24
gkb;121
gkc;489
gkd;518
gke;375
gkf;151
gkg;762
gkh;696
gki;23
gkj;446
gkk;907
gkl;991
gkm;80
gkn;792
gko;435
gkp;846
gkq;992
gkr;678
gks;269
gkt;248
gku;93
gkv;93
gkw;307
gkx;841
gky;263
gkz;576
gla;56
glb;56
glc;818
gld;319
gle;933
glf;319
glg;839
glh;314
gli;634
glj;225
glk;578
gll;885
glm;113
gln;504
glo;425
glp;446
glq;219
glr;113
gls;289
glt;899
glu;925
glv;415
glw;534
glx;941
gly;643
glz;932
gma;963
gmb;565
gmc;15
gmd;160
gme;597
gmf;942
gmg;896
gmh;759
gmi;421
gmj;232
gmk;52
gml;460
gmm;917
gmn;23
gmo;491
gmp;864
gmq;438
gmr;129
gms;477
gmt;929
gmu;599
gmv;680
gmw;322
gmx;460
gmy;906
gmz;586
gna;595
gnb;757
gnc;944
gnd;190
gne;335
gnf;251
gng;950
gnh;385
gni;870
gnj;129
gnk;134
gnl;250
gnm;972
gnn;312
gno;356
gnp;540
gnq;963
gnr;360
gns;276
gnt;705
gnu;414
gnv;353
gnw;685
gnx;444
gny;809
gnz;315
goa;196
gob;388
goc;89
god;667
goe;223
gof;513
gog;792
goh;994
goi;423
goj;786
gok;966
gol;376
gom;312
gon;66
goo;701
gop;813
goq;213
gor;442
gos;420
got;552
gou;848
gov;465
gow;140
gox;19
goy;769
goz;747
gpa;739
gpb;302
gpc;701
gpd;937
gpe;505
gpf;115
gpg;920
gph;640
gpi;615
gpj;458
gpk;90
gpl;624
gpm;284
gpn;791
gpo;242
gpp;105
gpq;46
gpr;367
gps;667
gpt;452
gpu;81
gpv;935
gpw;213
gpx;183
gpy;503
gpz;301
gqa;700
gqb;435
gqc;450
gqd;551
gqe;24
gqf;813
gqg;243
gqh;187
gqi;299
gqj;756
gqk;634
gql;72
gqm;505
gqn;13
gqo;737
gqp;157
gqq;749
gqr;605
gqs;588
gqt;935
gqu;905
gqv;991
gqw;757
gqx;75
gqy;60
gqz;147
gra;300
grb;536
grc;686
grd;530
gre;876
grf;383
grg;949
grh;44
gri;126
grj;185
grk;776
grl;522
grm;600
grn;314
gro;201
grp;853
grq;346
grr;636
grs;600
grt;850
gru;48
grv;241
grw;741
grx;126
gry;278
grz;887
gsa;856
gsb;228
gsc;667
gsd;644
gse;87
gsf;906
gsg;700
gsh;45
gsi;647
gsj;377
gsk;904
gsl;550
gsm;373
gsn;237
gso;906
gsp;539
gsq;3
gsr;716
gss;566
gst;623
gsu;502
gsv;300
gsw;415
gsx;186
gsy;99
gsz;216
gta;879
gtb;980
gtc;493
gtd;186
gte;453
gtf;25
gtg;220
gth;755
gti;147
gtj;660
gtk;249
gtl;812
gtm;726
gtn;479
gto;227
gtp;555
gtq;194
gtr;417
gts;259
gtt;9
gtu;399
gtv;929
gtw;695
gtx;950
gty;859
gtz;467
gua;363
gub;768
guc;496
gud;329
gue;180
guf;221
gug;634
guh;55
gui;759
guj;212
guk;764
gul;18
gum;50
gun;592
guo;45
gup;489
guq;498
gur;791
gus;708
gut;211
guu;277
guv;864
guw;758
gux;645
guy;774
guz;693
gva;724
gvb;996
gvc;677
gvd;723
gve;100
gvf;433
gvg;949
gvh;882
gvi;938
gvj;685
gvk;863
gvl;12
gvm;359
gvn;759
gvo;357
gvp;25
gvq;55
gvr;351
gvs;422
gvt;652
gvu;572
gvv;311
gvw;600
gvx;904
gvy;501
gvz;80
gwa;309
gwb;25
gwc;483
gwd;244
gwe;370
gwf;53
gwg;320
gwh;275
gwi;71
gwj;0
gwk;156
gwl;872
gwm;828
gwn;762
gwo;787
gwp;716
gwq;658
gwr;896
gws;981
gwt;305
gwu;250
gwv;749
gww;393
gwx;247
gwy;413
gwz;731
gxa;437
gxb;385
gxc;344
gxd;47
gxe;346
gxf;497
gxg;681
gxh;621
gxi;244
gxj;243
gxk;704
gxl;198
gxm;372
gxn;276
gxo;556
gxp;427
gxq;261
gxr;553
gxs;941
gxt;245
gxu;522
gxv;368
gxw;687
gxx;509
gxy;375
gxz;354
gya;880
gyb;993
gyc;279
gyd;382
gye;522
gyf;496
gyg;223
gyh;825
gyi;579
gyj;321
gyk;576
gyl;871
gym;75
gyn;721
gyo;463
gyp;281
gyq;780
gyr;180
gys;418
gyt;667
gyu;839
gyv;341
gyw;456
gyx;136
gyy;814
gyz;550
gza;187
gzb;830
gzc;215
gzd;871
gze;145
gzf;863
gzg;386
gzh;439
gzi;313
gzj;546
gzk;190
gzl;212
gzm;606
gzn;853
gzo;757
gzp;872
gzq;280
gzr;211
gzs;775
gzt;473
gzu;665
gzv;718
gzw;593
gzx;541
gzy;425
gzz;536
haa;149
hab;738
hac;794
had;946
hae;789
haf;154
hag;276
hah;796
hai;753
haj;718
hak;368
hal;670
ham;135
han;109
hao;981
hap;192
haq;143
har;575
has;962
hat;138
hau;69
hav;916
haw;442
hax;139
hay;292
haz;239
hba;3
hbb;422
hbc;271
hbd;62
hbe;694
hbf;47
hbg;367
hbh;485
hbi;875
hbj;38
hbk;811
hbl;305
hbm;499
hbn;148
hbo;513
hbp;939
hbq;383
hbr;403
hbs;61
hbt;195
hbu;87
hbv;283
hbw;873
hbx;581
hby;82
hbz;297
hca;504
hcb;375
hcc;199
hcd;255
hce;332
hcf;33
hcg;699
hch;24
hci;463
hcj;528
hck;825
hcl;771
hcm;473
hcn;871
hco;753
hcp;510
hcq;173
hcr;354
hcs;912
hct;235
hcu;76
hcv;625
hcw;25
hcx;505
hcy;810
hcz;53
hda;570
hdb;109
hdc;426
hdd;474
hde;605
hdf;514
hdg;902
hdh;844
hdi;22
hdj;926
hdk;707
hdl;281
hdm;818
hdn;193
hdo;479
hdp;389
hdq;188
hdr;924
hds;179
hdt;688
hdu;327
hdv;931
hdw;697
hdx;197
hdy;961
hdz;463
hea;164
heb;786
hec;858
hed;958
hee;563
hef;516
heg;299
heh;393
hei;857
hej;142
hek;131
hel;230
hem;158
hen;918
heo;373
hep;296
heq;122
her;541
hes;14
het;668
heu;339
hev;2
hew;470
hex;725
hey;663
hez;295
hfa;774
hfb;537
hfc;940
hfd;935
hfe;689
hff;6
hfg;488
hfh;630
hfi;13
hfj;18
hfk;825
hfl;438
hfm;722
hfn;287
hfo;472
hfp;626
hfq;711
hfr;264
hfs;555
hft;533
hfu;479
hfv;79
hfw;986
hfx;956
hfy;3
hfz;230
hga;730
hgb;471
hgc;461
hgd;897
hge;997
hgf;528
hgg;485
hgh;620
hgi;551
hgj;861
hgk;26
hgl;903
hgm;293
hgn;909
hgo;639
hgp;897
hgq;680
hgr;943
hgs;23
hgt;751
hgu;494
hgv;463
hgw;902
hgx;964
hgy;394
hgz;247
hha;154
hhb;285
hhc;298
hhd;759
hhe;278
hhf;623
hhg;542
hhh;497
hhi;619
hhj;103
hhk;860
hhl;205
hhm;363
hhn;719
hho;898
hhp;269
hhq;685
hhr;825
hhs;16
hht;652
hhu;585
hhv;671
hhw;475
hhx;197
hhy;534
hhz;261
hia;820
hib;675
hic;723
hid;567
hie;336
hif;632
hig;920
hih;291
hii;398
hij;716
hik;444
hil;975
him;334
hin;992
hio;84
hip;283
hiq;29
hir;471
his;80
hit;161
hiu;151
hiv;805
hiw;66
hix;224
hiy;265
hiz;802
hja;971
hjb;666
hjc;783
hjd;94
hje;593
hjf;897
hjg;763
hjh;789
hji;716
hjj;316
hjk;985
hjl;769
hjm;172
hjn;552
hjo;350
hjp;293
hjq;616
hjr;292
hjs;458
hjt;449
hju;740
hjv;674
hjw;951
hjx;170
hjy;405
hjz;136
hka;356
hkb;82
hkc;154
hkd;398
hke;571
hkf;852
hkg;864
hkh;903
hki;328
hkj;792
hkk;529
hkl;856
hkm;569
hkn;603
hko;957
hkp;511
hkq;36
hkr;683
hks;768
hkt;776
hku;645
hkv;591
hkw;734
hkx;111
hky;707
hkz;248
hla;383
hlb;481
hlc;149
hld;372
hle;845
hlf;698
hlg;558
hlh;293
hli;776
hlj;321
hlk;238
hll;180
hlm;427
hln;521
hlo;727
hlp;244
hlq;685
hlr;209
hls;241
hlt;126
hlu;445
hlv;614
hlw;756
hlx;967
hly;956
hlz;718
hma;903
hmb;266
hmc;877
hmd;870
hme;89
hmf;397
hmg;745
hmh;400
hmi;309
hmj;505
hmk;470
hml;836
hmm;418
hmn;635
hmo;169
hmp;118
hmq;385
hmr;568
hms;128
hmt;76
hmu;204
hmv;168
hmw;295
hmx;950
hmy;871
hmz;113
hna;755
hnb;957
hnc;64
hnd;998
hne;605
hnf;905
hng;518
hnh;126
hni;714
hnj;809
hnk;745
hnl;870
hnm;209
hnn;800
hno;127
hnp;951
hnq;105
hnr;925
hns;935
hnt;555
hnu;335
hnv;848
hnw;420
hnx;356
hny;860
hnz;938
hoa;679
hob;889
hoc;15
hod;363
hoe;552
hof;582
hog;139
hoh;344
hoi;355
hoj;955
hok;322
hol;639
hom;665
hon;824
hoo;965
hop;680
hoq;888
hor;376
hos;456
hot;602
hou;262
hov;701
how;755
hox;197
hoy;38
hoz;652
hpa;399
hpb;120
hpc;536
hpd;288
hpe;658
hpf;693
hpg;560
hph;257
hpi;541
hpj;949
hpk;941
hpl;370
hpm;141
hpn;524
hpo;145
hpp;9
hpq;919
hpr;659
hps;273
hpt;353
hpu;770
hpv;88
hpw;545
hpx;707
hpy;806
hpz;530
hqa;234
hqb;120
hqc;890
hqd;299
hqe;142
hqf;711
hqg;779
hqh;642
hqi;178
hqj;310
hqk;613
hql;124
hqm;646
hqn;51
hqo;718
hqp;722
hqq;601
hqr;717
hqs;711
hqt;649
hqu;273
hqv;434
hqw;470
hqx;814
hqy;691
hqz;753
hra;830
hrb;931
hrc;943
hrd;167
hre;903
hrf;90
hrg;820
hrh;208
hri;554
hrj;744
hrk;735
hrl;78
hrm;953
hrn;95
hro;567
hrp;181
hrq;86
hrr;828
hrs;437
hrt;642
hru;347
hrv;438
hrw;147
hrx;67
hry;116
hrz;313
hsa;684
hsb;814
hsc;851
hsd;242
hse;341
hsf;768
hsg;965
hsh;555
hsi;82
hsj;931
hsk;46
hsl;798
hsm;61
hsn;83
hso;65
hsp;592
hsq;533
hsr;422
hss;636
hst;615
hsu;604
hsv;191
hsw;584
hsx;503
hsy;335
hsz;651
hta;759
htb;294
htc;794
htd;652
hte;340
htf;624
htg;28
hth;31
hti;618
htj;645
htk;389
htl;129
htm;490
htn;410
hto;246
htp;74
htq;663
htr;147
hts;501
htt;269
htu;986
htv;604
htw;981
htx;195
hty;311
htz;202
hua;303
hub;120
huc;699
hud;558
hue;443
huf;537
hug;453
huh;778
hui;505
huj;96
huk;821
hul;867
hum;115
hun;357
huo;991
hup;106
huq;189
hur;141
hus;962
hut;947
huu;72
huv;425
huw;273
hux;798
huy;416
huz;386
hva;999
hvb;423
hvc;768
hvd;208
hve;550
hvf;58
hvg;0
hvh;86
hvi;782
hvj;646
hvk;337
hvl;993
hvm;761
hvn;817
hvo;567
hvp;225
hvq;669
hvr;542
hvs;870
hvt;422
hvu;734
hvv;703
hvw;946
hvx;244
hvy;410
hvz;152
hwa;691
hwb;215
hwc;717
hwd;37
hwe;588
hwf;218
hwg;16
hwh;787
hwi;986
hwj;409
hwk;813
hwl;382
hwm;787
hwn;824
hwo;880
hwp;934
hwq;436
hwr;894
hws;936
hwt;648
hwu;463
hwv;680
hww;98
hwx;215
hwy;921
hwz;813
hxa;907
hxb;38
hxc;825
hxd;910
hxe;325
hxf;283
hxg;179
hxh;807
hxi;277
hxj;996
hxk;847
hxl;844
hxm;755
hxn;50
hxo;824
hxp;668
hxq;788
hxr;381
hxs;671
hxt;663
hxu;466
hxv;652
hxw;445
hxx;82
hxy;393
hxz;306
hya;204
hyb;142
hyc;613
hyd;997
hye;885
hyf;861
hyg;36
hyh;40
hyi;642
hyj;735
hyk;849
hyl;409
hym;6
hyn;277
hyo;682
hyp;245
hyq;943
hyr;887
hys;757
hyt;735
hyu;854
hyv;605
hyw;866
hyx;495
hyy;686
hyz;851
hza;212
hzb;875
hzc;613
hzd;506
hze;98
hzf;134
hzg;490
hzh;184
hzi;22
hzj;980
hzk;436
hzl;634
hzm;940
hzn;465
hzo;355
hzp;269
hzq;852
hzr;160
hzs;104
hzt;380
hzu;534
hzv;418
hzw;207
hzx;120
hzy;290
hzz;979
iaa;817
iab;525
iac;361
iad;218
iae;374
iaf;53
iag;285
iah;110
iai;432
iaj;454
iak;776
ial;522
iam;501
ian;147
iao;578
iap;875
iaq;635
iar;288
ias;133
iat;256
iau;348
iav;578
iaw;283
iax;460
iay;574
iaz;948
iba;857
ibb;763
ibc;873
ibd;494
ibe;844
ibf;802
ibg;819
ibh;753
ibi;591
ibj;684
ibk;652
ibl;85
ibm;681
ibn;180
ibo;542
ibp;197
ibq;196
ibr;218
ibs;404
ibt;591
ibu;916
ibv;266
ibw;614
ibx;738
iby;32
ibz;859
ica;196
icb;596
icc;304
icd;278
ice;250
icf;746
icg;419
ich;582
ici;173
icj;18
ick;52
icl;553
icm;403
icn;872
ico;113
icp;850
icq;382
icr;750
ics;653
ict;265
icu;347
icv;548
icw;157
icx;109
icy;471
icz;493
ida;394
idb;444
idc;22
idd;215
ide;878
idf;432
idg;829
idh;707
idi;19
idj;927
idk;583
idl;66
idm;812
idn;98
ido;159
idp;707
idq;852
idr;992
ids;406
idt;110
idu;412
idv;89
idw;34
idx;609
idy;973
idz;771
iea;543
ieb;928
iec;627
ied;115
iee;784
ief;945
ieg;723
ieh;643
iei;374
iej;972
iek;639
iel;13
iem;220
ien;321
ieo;383
iep;618
ieq;60
ier;247
ies;654
iet;982
ieu;289
iev;588
iew;127
iex;602
iey;952
iez;750
ifa;954
ifb;517
ifc;610
ifd;368
ife;454
iff;749
ifg;464
ifh;490
ifi;348
ifj;412
ifk;317
ifl;434
ifm;238
ifn;637
ifo;276
ifp;32
ifq;944
ifr;918
ifs;763
ift;497
ifu;422
ifv;647
ifw;478
ifx;947
ify;908
ifz;190
iga;732
igb;312
igc;715
igd;498
ige;684
igf;81
igg;260
igh;370
igi;332
igj;849
igk;862
igl;50
igm;455
ign;860
igo;535
igp;631
igq;139
igr;373
igs;508
igt;104
igu;611
igv;785
igw;671
igx;39
igy;164
igz;57
iha;860
ihb;801
ihc;537
ihd;990
ihe;140
ihf;309
ihg;632
ihh;579
ihi;199
ihj;791
ihk;530
ihl;213
ihm;741
ihn;560
iho;523
ihp;322
ihq;30
ihr;830
ihs;747
iht;72
ihu;211
ihv;696
ihw;847
ihx;354
ihy;200
ihz;2
iia;860
iib;623
iic;467
iid;610
iie;858
iif;363
iig;101
iih;56
iii;249
iij;493
iik;506
iil;157
iim;828
iin;531
iio;71
iip;788
iiq;392
iir;624
iis;965
iit;190
iiu;677
iiv;937
iiw;262
iix;345
iiy;723
iiz;794
ija;511
ijb;480
ijc;705
ijd;15
ije;561
ijf;692
ijg;159
ijh;627
iji;592
ijj;946
ijk;531
ijl;540
ijm;944
ijn;835
ijo;950
ijp;172
ijq;125
ijr;222
ijs;132
ijt;208
iju;988
ijv;129
ijw;656
ijx;50
ijy;689
ijz;671
ika;226
ikb;567
ikc;487
ikd;397
ike;212
ikf;748
ikg;954
ikh;423
iki;499
ikj;867
ikk;345
ikl;376
ikm;263
ikn;787
iko;149
ikp;209
ikq;474
ikr;213
iks;251
ikt;196
iku;695
ikv;925
ikw;490
ikx;681
iky;535
ikz;252
ila;694
ilb;643
ilc;911
ild;504
ile;48
ilf;810
ilg;974
ilh;677
ili;251
ilj;317
ilk;443
ill;447
ilm;543
iln;927
ilo;481
ilp;388
ilq;651
ilr;90
ils;975
ilt;241
ilu;255
ilv;533
ilw;739
ilx;867
ily;733
ilz;32
ima;648
imb;955
imc;611
imd;88
ime;887
imf;109
img;954
imh;873
imi;157
imj;131
imk;516
iml;217
imm;563
imn;104
imo;193
imp;797
imq;22
imr;489
ims;319
imt;243
imu;984
imv;433
imw;365
imx;198
imy;673
imz;655
ina;499
inb;80
inc;869
ind;872
ine;510
inf;550
ing;635
inh;580
ini;878
inj;522
ink;265
inl;95
inm;587
inn;366
ino;271
inp;759
inq;840
inr;468
ins;39
int;586
inu;373
inv;736
inw;51
inx;890
iny;452
inz;705
ioa;250
iob;791
ioc;179
iod;663
ioe;131
iof;650
iog;942
ioh;259
ioi;37
ioj;470
iok;911
iol;194
iom;533
ion;653
ioo;923
iop;745
ioq;119
ior;165
ios;45
iot;410
iou;506
iov;20
iow;409
iox;457
ioy;665
ioz;539
ipa;115
ipb;495
ipc;316
ipd;505
ipe;559
ipf;560
ipg;199
iph;379
ipi;243
ipj;747
ipk;686
ipl;603
ipm;57
ipn;786
ipo;855
ipp;468
ipq;522
ipr;185
ips;236
ipt;770
ipu;847
ipv;718
ipw;226
ipx;201
ipy;863
ipz;52
iqa;997
iqb;803
iqc;629
iqd;317
iqe;868
iqf;845
iqg;585
iqh;796
iqi;641
iqj;785
iqk;493
iql;987
iqm;895
iqn;261
iqo;927
iqp;321
iqq;338
iqr;423
iqs;929
iqt;700
iqu;821
iqv;432
iqw;985
iqx;276
iqy;228
iqz;609
ira;34
irb;682
irc;257
ird;253
ire;821
irf;657
irg;677
irh;582
iri;914
irj;854
irk;844
irl;939
irm;410
irn;963
iro;636
irp;25
irq;836
irr;878
irs;294
irt;673
iru;898
irv;263
irw;748
irx;820
iry;532
irz;675
isa;51
isb;87
isc;693
isd;176
ise;873
isf;314
isg;207
ish;886
isi;699
isj;457
isk;23
isl;191
ism;820
isn;674
iso;708
isp;597
isq;329
isr;495
iss;468
ist;987
isu;127
isv;145
isw;427
isx;930
isy;514
isz;736
ita;121
itb;699
itc;181
itd;930
ite;318
itf;879
itg;383
ith;692
iti;287
itj;72
itk;305
itl;678
itm;371
itn;834
ito;215
itp;580
itq;81
itr;569
its;813
itt;528
itu;656
itv;854
itw;660
itx;774
ity;47
itz;829
iua;367
iub;513
iuc;557
iud;204
iue;454
iuf;925
iug;590
iuh;368
iui;734
iuj;418
iuk;199
iul;770
ium;168
iun;502
iuo;243
iup;588
iuq;252
iur;98
ius;245
iut;646
iuu;776
iuv;799
iuw;882
iux;908
iuy;976
iuz;442
iva;863
ivb;441
ivc;733
ivd;954
ive;141
ivf;812
ivg;646
ivh;507
ivi;424
ivj;471
ivk;993
ivl;974
ivm;268
ivn;668
ivo;190
ivp;614
ivq;723
ivr;217
ivs;926
ivt;110
ivu;928
ivv;985
ivw;15
ivx;447
ivy;946
ivz;249
iwa;736
iwb;181
iwc;44
iwd;461
iwe;615
iwf;12
iwg;342
iwh;880
iwi;978
iwj;629
iwk;580
iwl;501
iwm;111
iwn;523
iwo;879
iwp;660
iwq;213
iwr;220
iws;922
iwt;273
iwu;218
iwv;419
iww;704
iwx;832
iwy;711
iwz;75
ixa;739
ixb;410
ixc;13
ixd;767
ixe;638
ixf;913
ixg;982
ixh;455
ixi;661
ixj;565
ixk;655
ixl;164
ixm;664
ixn;681
ixo;746
ixp;706
ixq;801
ixr;71
ixs;569
ixt;950
ixu;359
ixv;565
ixw;222
ixx;672
ixy;206
ixz;904
iya;548
iyb;363
iyc;288
iyd;51
iye;623
iyf;644
iyg;190
iyh;134
iyi;13
iyj;445
iyk;231
iyl;415
iym;312
iyn;644
iyo;482
iyp;849
iyq;864
iyr;955
iys;899
iyt;894
iyu;976
iyv;70
iyw;735
iyx;967
iyy;747
iyz;380
iza;182
izb;941
izc;367
izd;949
ize;89
izf;988
izg;389
izh;964
izi;857
izj;224
izk;971
izl;699
izm;352
izn;215
izo;761
izp;205
izq;754
izr;591
izs;618
izt;756
izu;412
izv;753
izw;297
izx;548
izy;524
izz;560
jaa;488
jab;242
jac;811
jad;212
jae;973
jaf;981
jag;63
jah;203
jai;247
jaj;182
jak;64
jal;397
jam;294
jan;143
jao;267
jap;455
jaq;876
jar;511
jas;227
jat;628
jau;34
jav;977
jaw;988
jax;657
jay;549
jaz;43
jba;752
jbb;361
jbc;324
jbd;292
jbe;50
jbf;406
jbg;918
jbh;204
jbi;223
jbj;812
jbk;310
jbl;593
jbm;383
jbn;617
jbo;158
jbp;536
jbq;647
jbr;308
jbs;267
jbt;643
jbu;882
jbv;246
jbw;231
jbx;501
jby;804
jbz;879
jca;737
jcb;942
jcc;188
jcd;118
jce;211
jcf;764
jcg;451
jch;811
jci;520
jcj;343
jck;850
jcl;602
jcm;663
jcn;406
jco;293
jcp;253
jcq;244
jcr;765
jcs;213
jct;272
jcu;154
jcv;508
jcw;604
jcx;32
jcy;86
jcz;768
jda;640
jdb;792
jdc;660
jdd;13
jde;597
jdf;266
jdg;588
jdh;611
jdi;478
jdj;810
jdk;380
jdl;364
jdm;558
jdn;3
jdo;764
jdp;512
jdq;628
jdr;3
jds;581
jdt;256
jdu;144
jdv;156
jdw;647
jdx;892
jdy;89
jdz;655
jea;145
jeb;587
jec;699
jed;720
jee;355
jef;454
jeg;452
jeh;71
jei;660
jej;923
jek;589
jel;360
jem;578
jen;726
jeo;977
jep;366
jeq;842
jer;509
jes;626
jet;25
jeu;868
jev;58
jew;530
jex;453
jey;257
jez;466
jfa;454
jfb;427
jfc;146
jfd;329
jfe;146
jff;471
jfg;438
jfh;14
jfi;903
jfj;396
jfk;645
jfl;759
jfm;901
jfn;564
jfo;574
jfp;580
jfq;45
jfr;150
jfs;520
jft;844
jfu;257
jfv;187
jfw;195
jfx;626
jfy;612
jfz;853
jga;110
jgb;786
jgc;769
jgd;400
jge;950
jgf;785
jgg;610
jgh;630
jgi;561
jgj;807
jgk;295
jgl;598
jgm;92
jgn;727
jgo;166
jgp;837
jgq;785
jgr;566
jgs;516
jgt;669
jgu;355
jgv;705
jgw;162
jgx;167
jgy;332
jgz;903
jha;401
jhb;727
jhc;954
jhd;876
jhe;453
jhf;199
jhg;288
jhh;487
jhi;554
jhj;268
jhk;621
jhl;493
jhm;286
jhn;7
jho;316
jhp;954
jhq;412
jhr;890
jhs;442
jht;510
jhu;438
jhv;279
jhw;412
jhx;303
jhy;110
jhz;671
jia;343
jib;615
jic;613
jid;364
jie;940
jif;813
jig;623
jih;338
jii;585
jij;834
jik;79
jil;370
jim;506
jin;220
jio;177
jip;672
jiq;314
jir;815
jis;134
jit;719
jiu;703
jiv;416
jiw;160
jix;326
jiy;851
jiz;132
jja;585
jjb;715
jjc;70
jjd;383
jje;339
jjf;35
jjg;559
jjh;946
jji;927
jjj;17
jjk;819
jjl;251
jjm;735
jjn;779
jjo;148
jjp;101
jjq;947
jjr;644
jjs;568
jjt;1
jju;914
jjv;619
jjw;79
jjx;658
jjy;82
jjz;836
jka;117
jkb;439
jkc;609
jkd;290
jke;858
jkf;256
jkg;311
jkh;703
jki;157
jkj;49
jkk;570
jkl;704
jkm;890
jkn;34
jko;11
jkp;776
jkq;467
jkr;37
jks;769
jkt;571
jku;171
jkv;695
jkw;202
jkx;808
jky;633
jkz;787
jla;174
jlb;289
jlc;753
jld;257
jle;910
jlf;734
jlg;36
jlh;495
jli;186
jlj;996
jlk;893
jll;441
jlm;998
jln;138
jlo;994
jlp;16
jlq;359
jlr;10
jls;650
jlt;384
jlu;84
jlv;643
jlw;604
jlx;718
jly;963
jlz;767
jma;861
jmb;459
jmc;376
jmd;744
jme;318
jmf;54
jmg;671
jmh;808
jmi;656
jmj;947
jmk;711
jml;538
jmm;998
jmn;444
jmo;900
jmp;777
jmq;147
jmr;730
jms;374
jmt;903
jmu;78
jmv;196
jmw;44
jmx;897
jmy;542
jmz;224
jna;655
jnb;600
jnc;876
jnd;891
jne;545
jnf;430
jng;27
jnh;169
jni;40
jnj;727
jnk;423
jnl;353
jnm;664
jnn;598
jno;213
jnp;377
jnq;726
jnr;482
jns;475
jnt;782
jnu;747
jnv;195
jnw;843
jnx;784
jny;874
jnz;420
joa;217
job;276
joc;300
jod;819
joe;738
jof;555
jog;944
joh;936
joi;566
joj;940
jok;268
jol;533
jom;169
jon;321
joo;31
jop;653
joq;86
jor;965
jos;493
jot;388
jou;673
jov;539
jow;332
jox;114
joy;768
joz;405
jpa;937
jpb;193
jpc;687
jpd;500
jpe;691
jpf;345
jpg;510
jph;102
jpi;929
jpj;560
jpk;844
jpl;228
jpm;71
jpn;664
jpo;527
jpp;818
jpq;753
jpr;299
jps;598
jpt;113
jpu;584
jpv;700
jpw;88
jpx;188
jpy;860
jpz;58
jqa;643
jqb;495
jqc;525
jqd;648
jqe;841
jqf;607
jqg;457
jqh;31
jqi;511
jqj;556
jqk;530
jql;586
jqm;482
jqn;397
jqo;242
jqp;660
jqq;276
jqr;780
jqs;617
jqt;441
jqu;968
jqv;283
jqw;266
jqx;501
jqy;918
jqz;254
jra;144
jrb;289
jrc;650
jrd;657
jre;671
jrf;693
jrg;461
jrh;579
jri;104
jrj;883
jrk;474
jrl;665
jrm;495
jrn;459
jro;122
jrp;198
jrq;964
jrr;719
jrs;163
jrt;934
jru;696
jrv;35
jrw;725
jrx;334
jry;47
jrz;458
jsa;105
jsb;950
jsc;591
jsd;523
jse;308
jsf;888
jsg;138
jsh;16
jsi;762
jsj;292
jsk;137
jsl;413
jsm;576
jsn;973
jso;133
jsp;634
jsq;18
jsr;740
jss;757
jst;634
jsu;343
jsv;432
jsw;802
jsx;682
jsy;56
jsz;813
jta;287
jtb;480
jtc;527
jtd;602
jte;932
jtf;4
jtg;353
jth;300
jti;162
jtj;164
jtk;681
jtl;274
jtm;647
jtn;862
jto;904
jtp;356
jtq;1
jtr;538
jts;844
jtt;491
jtu;557
jtv;482
jtw;967
jtx;697
jty;626
jtz;990
jua;765
jub;901
juc;697
jud;868
jue;441
juf;371
jug;672
juh;395
jui;398
juj;365
juk;693
jul;265
jum;735
jun;718
juo;699
jup;810
juq;692
jur;896
jus;711
jut;346
juu;574
juv;994
juw;252
jux;914
juy;717
juz;452
jva;254
jvb;615
jvc;251
jvd;284
jve;351
jvf;488
jvg;142
jvh;400
jvi;793
jvj;141
jvk;576
jvl;107
jvm;557
jvn;675
jvo;445
jvp;561
jvq;748
jvr;370
jvs;954
jvt;441
jvu;165
jvv;548
jvw;516
jvx;722
jvy;938
jvz;802
jwa;663
jwb;931
jwc;237
jwd;732
jwe;211
jwf;62
jwg;645
jwh;38
jwi;282
jwj;488
jwk;148
jwl;988
jwm;223
jwn;925
jwo;746
jwp;472
jwq;49
jwr;711
jws;738
jwt;978
jwu;917
jwv;200
jww;879
jwx;266
jwy;902
jwz;207
jxa;815
jxb;517
jxc;61
jxd;718
jxe;725
jxf;469
jxg;688
jxh;133
jxi;306
jxj;805
jxk;485
jxl;812
jxm;662
jxn;994
jxo;51
jxp;677
jxq;575
jxr;815
jxs;925
jxt;868
jxu;325
jxv;371
jxw;214
jxx;195
jxy;152
jxz;911
jya;300
jyb;958
jyc;254
jyd;62
jye;686
jyf;107
jyg;587
jyh;288
jyi;120
jyj;881
jyk;609
jyl;289
jym;919
jyn;793
jyo;227
jyp;689
jyq;328
jyr;102
jys;668
jyt;444
jyu;93
jyv;81
jyw;741
jyx;1
jyy;44
jyz;169
jza;801
jzb;522
jzc;268
jzd;312
jze;112
jzf;882
jzg;512
jzh;885
jzi;89
jzj;934
jzk;364
jzl;63
jzm;667
jzn;420
jzo;149
jzp;481
jzq;111
jzr;650
jzs;716
jzt;415
jzu;818
jzv;346
jzw;913
jzx;921
jzy;132
jzz;164
kaa;66
kab;282
kac;839
kad;402
kae;949
kaf;666
kag;700
kah;100
kai;334
kaj;206
kak;79
kal;283
kam;526
kan;559
kao;961
kap;257
kaq;228
kar;248
kas;752
kat;475
kau;692
kav;512
kaw;780
kax;956
kay;898
kaz;57
kba;977
kbb;277
kbc;819
kbd;347
kbe;541
kbf;51
kbg;864
kbh;470
kbi;892
kbj;53
kbk;118
kbl;896
kbm;159
kbn;213
kbo;39
kbp;456
kbq;405
kbr;625
kbs;368
kbt;394
kbu;865
kbv;520
kbw;614
kbx;2
kby;19
kbz;162
kca;234
kcb;668
kcc;754
kcd;979
kce;276
kcf;910
kcg;554
kch;950
kci;964
kcj;714
kck;304
kcl;932
kcm;799
kcn;461
kco;943
kcp;876
kcq;301
kcr;681
kcs;502
kct;697
kcu;310
kcv;719
kcw;228
kcx;34
kcy;683
kcz;198
kda;567
kdb;930
kdc;447
kdd;143
kde;35
kdf;269
kdg;433
kdh;385
kdi;386
kdj;303
kdk;12
kdl;909
kdm;909
kdn;238
kdo;855
kdp;645
kdq;72
kdr;310
kds;914
kdt;774
kdu;241
kdv;789
kdw;893
kdx;442
kdy;775
kdz;341
kea;349
keb;236
kec;22
ked;406
kee;70
kef;772
keg;829
keh;620
kei;899
kej;376
kek;634
kel;478
kem;919
ken;256
keo;204
kep;392
keq;15
ker;713
kes;872
ket;93
keu;827
kev;798
kew;860
kex;323
key;964
kez;282
kfa;805
kfb;864
kfc;381
kfd;871
kfe;971
kff;389
kfg;355
kfh;393
kfi;314
kfj;986
kfk;308
kfl;594
kfm;949
kfn;825
kfo;287
kfp;555
kfq;278
kfr;929
kfs;209
kft;952
kfu;72
kfv;12
kfw;226
kfx;130
kfy;820
kfz;704
kga;513
kgb;435
kgc;443
kgd;339
kge;22
kgf;61
kgg;119
kgh;94
kgi;178
kgj;307
kgk;187
kgl;736
kgm;526
kgn;113
kgo;601
kgp;383
kgq;15
kgr;845
kgs;74
kgt;191
kgu;858
kgv;139
kgw;203
kgx;737
kgy;966
kgz;299
kha;553
khb;388
khc;228
khd;591
khe;184
khf;188
khg;761
khh;598
khi;997
khj;312
khk;277
khl;63
khm;669
khn;867
kho;95
khp;412
khq;483
khr;239
khs;440
kht;403
khu;554
khv;916
khw;177
khx;276
khy;902
khz;461
kia;789
kib;472
kic;549
kid;378
kie;495
kif;336
kig;521
kih;928
kii;357
kij;526
kik;374
kil;593
kim;642
kin;96
kio;412
kip;821
kiq;153
kir;569
kis;966
kit;827
kiu;267
kiv;317
kiw;317
kix;84
kiy;198
kiz;214
kja;956
kjb;33
kjc;579
kjd;407
kje;510
kjf;513
kjg;590
kjh;666
kji;171
kjj;220
kjk;783
kjl;8
kjm;82
kjn;23
kjo;788
kjp;759
kjq;714
kjr;856
kjs;691
kjt;879
kju;201
kjv;325
kjw;727
kjx;434
kjy;883
kjz;163
kka;623
kkb;160
kkc;814
kkd;74
kke;386
kkf;712
kkg;337
kkh;434
kki;800
kkj;719
kkk;567
kkl;869
kkm;742
kkn;404
kko;984
kkp;782
kkq;362
kkr;626
kks;588
kkt;332
kku;460
kkv;364
kkw;67
kkx;646
kky;266
kkz;870
kla;498
klb;554
klc;271
kld;421
kle;386
klf;99
klg;155
klh;497
kli;335
klj;256
klk;931
kll;77
klm;664
kln;111
klo;543
klp;141
klq;921
klr;42
kls;99
klt;272
klu;908
klv;420
klw;369
klx;687
kly;72
klz;447
kma;967
kmb;789
kmc;712
kmd;375
kme;533
kmf;944
kmg;523
kmh;573
kmi;272
kmj;637
kmk;432
kml;446
kmm;727
kmn;479
kmo;707
kmp;955
kmq;667
kmr;973
kms;99
kmt;329
kmu;332
kmv;173
kmw;145
kmx;21
kmy;210
kmz;917
kna;99
knb;485
knc;457
knd;930
kne;161
knf;151
kng;601
knh;579
kni;138
knj;890
knk;973
knl;230
knm;748
knn;814
kno;788
knp;797
knq;700
knr;205
kns;27
knt;929
knu;553
knv;935
knw;568
knx;787
kny;151
knz;0
koa;698
kob;159
koc;846
kod;821
koe;73
kof;39
kog;588
koh;798
koi;95
koj;299
kok;34
kol;500
kom;348
kon;94
koo;797
kop;573
koq;405
kor;931
kos;532
kot;773
kou;61
kov;245
kow;509
kox;0
koy;139
koz;216
kpa;396
kpb;553
kpc;90
kpd;640
kpe;720
kpf;694
kpg;449
kph;222
kpi;611
kpj;302
kpk;41
kpl;766
kpm;249
kpn;158
kpo;607
kpp;280
kpq;122
kpr;847
kps;556
kpt;988
kpu;933
kpv;839
kpw;184
kpx;671
kpy;126
kpz;697
kqa;608
kqb;682
kqc;312
kqd;964
kqe;686
kqf;692
kqg;907
kqh;840
kqi;805
kqj;358
kqk;787
kql;457
kqm;723
kqn;1
kqo;717
kqp;524
kqq;745
kqr;646
kqs;453
kqt;763
kqu;581
kqv;715
kqw;567
kqx;979
kqy;881
kqz;984
kra;746
krb;764
krc;396
krd;441
kre;360
krf;193
krg;860
krh;603
kri;102
krj;4
krk;343
krl;100
krm;386
krn;350
kro;38
krp;418
krq;272
krr;887
krs;438
krt;165
kru;353
krv;724
krw;508
krx;954
kry;375
krz;402
ksa;433
ksb;532
ksc;882
ksd;391
kse;93
ksf;47
ksg;663
ksh;812
ksi;813
ksj;892
ksk;119
ksl;202
ksm;654
ksn;264
kso;989
ksp;713
ksq;215
ksr;62
kss;972
kst;690
ksu;603
ksv;894
ksw;419
ksx;80
ksy;760
ksz;27
kta;651
ktb;956
ktc;703
ktd;334
kte;623
ktf;722
ktg;14
kth;407
kti;675
ktj;294
ktk;575
ktl;991
ktm;855
ktn;600
kto;153
ktp;598
ktq;316
ktr;681
kts;106
ktt;468
ktu;87
ktv;852
ktw;994
ktx;439
kty;969
ktz;6
kua;240
kub;941
kuc;162
kud;341
kue;805
kuf;376
kug;773
kuh;789
kui;180
kuj;75
kuk;623
kul;129
kum;150
kun;275
kuo;895
kup;57
kuq;900
kur;883
kus;114
kut;466
kuu;150
kuv;899
kuw;812
kux;692
kuy;785
kuz;40
kva;463
kvb;513
kvc;511
kvd;373
kve;944
kvf;502
kvg;913
kvh;975
kvi;301
kvj;282
kvk;754
kvl;860
kvm;315
kvn;727
kvo;867
kvp;840
kvq;506
kvr;4
kvs;891
kvt;97
kvu;248
kvv;742
kvw;750
kvx;764
kvy;610
kvz;111
kwa;188
kwb;673
kwc;662
kwd;183
kwe;854
kwf;644
kwg;194
kwh;829
kwi;928
kwj;203
kwk;0
kwl;420
kwm;252
kwn;85
kwo;140
kwp;684
kwq;132
kwr;786
kws;40
kwt;100
kwu;718
kwv;319
kww;955
kwx;564
kwy;273
kwz;890
kxa;825
kxb;897
kxc;388
kxd;421
kxe;434
kxf;552
kxg;304
kxh;514
kxi;848
kxj;824
kxk;166
kxl;840
kxm;867
kxn;127
kxo;662
kxp;592
kxq;653
kxr;850
kxs;771
kxt;624
kxu;608
kxv;604
kxw;296
kxx;747
kxy;922
kxz;504
kya;153
kyb;201
kyc;419
kyd;754
kye;709
kyf;555
kyg;109
kyh;316
kyi;711
kyj;908
kyk;818
kyl;466
kym;683
kyn;95
kyo;129
kyp;116
kyq;345
kyr;559
kys;77
kyt;889
kyu;851
kyv;272
kyw;182
kyx;708
kyy;783
kyz;600
kza;46
kzb;368
kzc;325
kzd;938
kze;531
kzf;283
kzg;641
kzh;805
kzi;178
kzj;374
kzk;861
kzl;5
kzm;64
kzn;605
kzo;252
kzp;996
kzq;872
kzr;546
kzs;568
kzt;121
kzu;255
kzv;820
kzw;569
kzx;806
kzy;590
kzz;836
laa;816
lab;626
lac;643
lad;739
lae;21
laf;983
lag;295
lah;264
lai;420
laj;343
lak;474
lal;61
lam;883
lan;102
lao;693
lap;507
laq;468
lar;457
las;379
lat;16
lau;286
lav;517
law;622
lax;911
lay;566
laz;329
lba;814
lbb;12
lbc;30
lbd;623
lbe;766
lbf;14
lbg;758
lbh;419
lbi;341
lbj;778
lbk;336
lbl;543
lbm;395
lbn;260
lbo;768
lbp;692
lbq;620
lbr;666
lbs;23
lbt;232
lbu;362
lbv;131
lbw;663
lbx;880
lby;646
lbz;117
lca;744
lcb;915
lcc;163
lcd;227
lce;793
lcf;245
lcg;812
lch;297
lci;743
lcj;600
lck;690
lcl;868
lcm;977
lcn;367
lco;239
lcp;69
lcq;713
lcr;829
lcs;437
lct;221
lcu;371
lcv;219
lcw;682
lcx;997
lcy;722
lcz;974
lda;491
ldb;453
ldc;938
ldd;490
lde;490
ldf;879
ldg;305
ldh;585
ldi;783
ldj;94
ldk;709
ldl;909
ldm;933
ldn;118
ldo;841
ldp;20
ldq;471
ldr;801
lds;640
ldt;856
ldu;655
ldv;309
ldw;234
ldx;952
ldy;679
ldz;744
lea;219
leb;364
lec;94
led;367
lee;999
lef;190
leg;203
leh;118
lei;802
lej;941
lek;390
lel;774
lem;134
len;705
leo;273
lep;44
leq;836
ler;85
les;630
let;687
leu;969
lev;108
lew;295
lex;164
ley;640
lez;879
lfa;162
lfb;90
lfc;520
lfd;106
lfe;493
lff;72
lfg;740
lfh;616
lfi;206
lfj;250
lfk;221
lfl;923
lfm;441
lfn;809
lfo;90
lfp;171
lfq;654
lfr;475
lfs;606
lft;213
lfu;902
lfv;595
lfw;822
lfx;601
lfy;207
lfz;394
lga;748
lgb;305
lgc;673
lgd;628
lge;554
lgf;696
lgg;595
lgh;901
lgi;170
lgj;878
lgk;413
lgl;44
lgm;673
lgn;99
lgo;228
lgp;296
lgq;725
lgr;418
lgs;964
lgt;593
lgu;658
lgv;196
lgw;768
lgx;652
lgy;622
lgz;487
lha;901
lhb;274
lhc;694
lhd;811
lhe;280
lhf;423
lhg;715
lhh;272
lhi;440
lhj;261
lhk;241
lhl;23
lhm;456
lhn;101
lho;6
lhp;900
lhq;179
lhr;263
lhs;222
lht;974
lhu;67
lhv;282
lhw;550
lhx;284
lhy;815
lhz;658
lia;292
lib;735
lic;395
lid;331
lie;966
lif;254
lig;865
lih;772
lii;947
lij;854
lik;589
lil;602
lim;964
lin;358
lio;189
lip;956
liq;873
lir;744
lis;770
lit;711
liu;655
liv;494
liw;429
lix;588
liy;357
liz;261
lja;981
ljb;298
ljc;737
ljd;48
lje;848
ljf;958
ljg;104
ljh;952
lji;102
ljj;970
ljk;675
ljl;225
ljm;845
ljn;399
ljo;345
ljp;416
ljq;564
ljr;211
ljs;813
ljt;970
lju;700
ljv;305
ljw;165
ljx;16
ljy;404
ljz;916
lka;407
lkb;180
lkc;576
lkd;602
lke;773
lkf;742
lkg;410
lkh;614
lki;312
lkj;676
lkk;367
lkl;173
lkm;30
lkn;167
lko;482
lkp;471
lkq;812
lkr;710
lks;829
lkt;128
lku;303
lkv;886
lkw;31
lkx;493
lky;39
lkz;629
lla;860
llb;48
llc;219
lld;92
lle;240
llf;954
llg;942
llh;591
lli;540
llj;794
llk;760
lll;231
llm;128
lln;748
llo;193
llp;705
llq;401
llr;241
lls;277
llt;215
llu;735
llv;659
llw;709
llx;982
lly;219
llz;349
lma;99
lmb;417
lmc;482
lmd;997
lme;969
lmf;442
lmg;37
lmh;922
lmi;491
lmj;934
lmk;881
lml;722
lmm;850
lmn;35
lmo;87
lmp;16
lmq;29
lmr;248
lms;749
lmt;956
lmu;645
lmv;479
lmw;937
lmx;477
lmy;517
lmz;361
lna;780
lnb;471
lnc;122
lnd;941
lne;172
lnf;438
lng;891
lnh;360
lni;134
lnj;438
lnk;156
lnl;836
lnm;81
lnn;948
lno;973
lnp;93
lnq;811
lnr;453
lns;501
lnt;940
lnu;940
lnv;149
lnw;91
lnx;152
lny;777
lnz;33
loa;340
lob;485
loc;373
lod;649
loe;70
lof;995
log;240
loh;963
loi;475
loj;745
lok;550
lol;553
lom;846
lon;752
loo;835
lop;985
loq;310
lor;369
los;107
lot;82
lou;581
lov;416
low;241
lox;25
loy;415
loz;921
lpa;66
lpb;745
lpc;892
lpd;450
lpe;204
lpf;126
lpg;343
lph;394
lpi;139
lpj;627
lpk;22
lpl;647
lpm;94
lpn;890
lpo;23
lpp;347
lpq;984
lpr;994
lps;731
lpt;613
lpu;79
lpv;765
lpw;900
lpx;684
lpy;122
lpz;751
lqa;482
lqb;130
lqc;650
lqd;817
lqe;632
lqf;382
lqg;820
lqh;906
lqi;754
lqj;598
lqk;45
lql;82
lqm;728
lqn;44
lqo;195
lqp;168
lqq;19
lqr;701
lqs;848
lqt;647
lqu;394
lqv;652
lqw;762
lqx;202
lqy;186
lqz;390
lra;586
lrb;427
lrc;764
lrd;130
lre;590
lrf;479
lrg;298
lrh;568
lri;317
lrj;368
lrk;127
lrl;615
lrm;851
lrn;267
lro;63
lrp;501
lrq;540
lrr;875
lrs;83
lrt;205
lru;308
lrv;643
lrw;640
lrx;651
lry;265
lrz;594
lsa;689
lsb;332
lsc;358
lsd;933
lse;250
lsf;665
lsg;735
lsh;781
lsi;26
lsj;604
lsk;317
lsl;555
lsm;204
lsn;822
lso;367
lsp;54
lsq;954
lsr;997
lss;445
lst;440
lsu;343
lsv;301
lsw;712
lsx;428
lsy;579
lsz;91
lta;685
ltb;393
ltc;387
ltd;948
lte;485
ltf;52
ltg;826
lth;293
lti;807
ltj;782
ltk;667
ltl;321
ltm;372
ltn;297
lto;136
ltp;135
ltq;772
ltr;843
lts;403
ltt;883
ltu;133
ltv;696
ltw;548
ltx;351
lty;865
ltz;669
lua;832
lub;931
luc;166
lud;960
lue;169
luf;248
lug;995
luh;480
lui;488
luj;189
luk;60
lul;521
lum;796
lun;411
luo;822
lup;307
luq;553
lur;49
lus;62
lut;459
luu;96
luv;957
luw;401
lux;892
luy;151
luz;736
lva;714
lvb;766
lvc;37
lvd;602
lve;501
lvf;402
lvg;255
lvh;434
lvi;829
lvj;436
lvk;611
lvl;566
lvm;133
lvn;601
lvo;304
lvp;509
lvq;766
lvr;166
lvs;737
lvt;866
lvu;675
lvv;662
lvw;485
lvx;575
lvy;896
lvz;803
lwa;931
lwb;210
lwc;121
lwd;626
lwe;509
lwf;720
lwg;714
lwh;16
lwi;603
lwj;238
lwk;55
lwl;437
lwm;184
lwn;780
lwo;94
lwp;255
lwq;307
lwr;174
lws;722
lwt;686
lwu;557
lwv;820
lww;233
lwx;418
lwy;879
lwz;881
lxa;724
lxb;313
lxc;106
lxd;865
lxe;109
lxf;618
lxg;465
lxh;537
lxi;799
lxj;31
lxk;636
lxl;98
lxm;880
lxn;439
lxo;20
lxp;450
lxq;79
lxr;144
lxs;675
lxt;381
lxu;460
lxv;700
lxw;107
lxx;448
lxy;368
lxz;985
lya;962
lyb;219
lyc;868
lyd;984
lye;64
lyf;75
lyg;361
lyh;484
lyi;317
lyj;696
lyk;513
lyl;933
lym;138
lyn;46
lyo;241
lyp;868
lyq;232
lyr;784
lys;797
lyt;804
lyu;325
lyv;783
lyw;181
lyx;9
lyy;813
lyz;984
lza;525
lzb;242
lzc;792
lzd;335
lze;218
lzf;591
lzg;48
lzh;16
lzi;896
lzj;814
lzk;989
lzl;235
lzm;205
lzn;359
lzo;724
lzp;863
lzq;47
lzr;468
lzs;199
lzt;762
lzu;236
lzv;911
lzw;104
lzx;341
lzy;537
lzz;501
maa;66
mab;199
mac;315
mad;730
mae;16
maf;511
mag;24
mah;392
mai;627
maj;467
mak;574
mal;542
mam;622
man;111
mao;429
map;414
maq;189
mar;734
mas;234
mat;662
mau;36
mav;869
maw;25
max;32
may;565
maz;329
mba;845
mbb;315
mbc;276
mbd;546
mbe;533
mbf;194
mbg;669
mbh;929
mbi;462
mbj;219
mbk;585
mbl;939
mbm;360
mbn;25
mbo;664
mbp;594
mbq;601
mbr;683
mbs;408
mbt;477
mbu;453
mbv;685
mbw;231
mbx;431
mby;951
mbz;626
mca;704
mcb;178
mcc;851
mcd;477
mce;319
mcf;784
mcg;126
mch;761
mci;247
mcj;761
mck;65
mcl;696
mcm;403
mcn;360
mco;967
mcp;870
mcq;850
mcr;849
mcs;724
mct;232
mcu;344
mcv;13
mcw;312
mcx;438
mcy;442
mcz;344
mda;691
mdb;942
mdc;60
mdd;755
mde;403
mdf;879
mdg;537
mdh;772
mdi;444
mdj;340
mdk;662
mdl;103
mdm;669
mdn;822
mdo;893
mdp;686
mdq;264
mdr;452
mds;234
mdt;866
mdu;416
mdv;786
mdw;752
mdx;328
mdy;951
mdz;656
mea;641
meb;916
mec;722
med;512
mee;988
mef;967
meg;506
meh;743
mei;797
mej;651
mek;563
mel;900
mem;415
men;727
meo;474
mep;749
meq;924
mer;318
mes;330
met;66
meu;9
mev;841
mew;708
mex;44
mey;459
mez;518
mfa;955
mfb;490
mfc;206
mfd;387
mfe;796
mff;196
mfg;41
mfh;458
mfi;432
mfj;458
mfk;205
mfl;2
mfm;896
mfn;792
mfo;869
mfp;830
mfq;95
mfr;132
mfs;62
mft;767
mfu;430
mfv;166
mfw;672
mfx;29
mfy;447
mfz;469
mga;180
mgb;970
mgc;576
mgd;464
mge;294
mgf;148
mgg;19
mgh;409
mgi;899
mgj;852
mgk;967
mgl;761
mgm;24
mgn;581
mgo;434
mgp;198
mgq;437
mgr;93
mgs;318
mgt;579
mgu;534
mgv;757
mgw;615
mgx;481
mgy;54
mgz;610
mha;460
mhb;910
mhc;534
mhd;268
mhe;866
mhf;258
mhg;443
mhh;392
mhi;18
mhj;990
mhk;911
mhl;187
mhm;116
mhn;527
mho;727
mhp;988
mhq;609
mhr;102
mhs;298
mht;761
mhu;386
mhv;310
mhw;562
mhx;806
mhy;796
mhz;354
mia;735
mib;409
mic;148
mid;423
mie;591
mif;921
mig;751
mih;218
mii;714
mij;947
mik;425
mil;322
mim;324
min;715
mio;461
mip;505
miq;834
mir;54
mis;18
mit;352
miu;632
miv;128
miw;583
mix;931
miy;460
miz;537
mja;895
mjb;130
mjc;524
mjd;869
mje;689
mjf;160
mjg;612
mjh;476
mji;473
mjj;844
mjk;317
mjl;769
mjm;302
mjn;443
mjo;976
mjp;5
mjq;798
mjr;135
mjs;407
mjt;563
mju;9
mjv;941
mjw;9
mjx;752
mjy;106
mjz;24
mka;756
mkb;91
mkc;813
mkd;314
mke;734
mkf;594
mkg;157
mkh;963
mki;792
mkj;128
mkk;629
mkl;883
mkm;362
mkn;606
mko;949
mkp;112
mkq;114
mkr;9
mks;587
mkt;471
mku;32
mkv;571
mkw;192
mkx;615
mky;563
mkz;825
mla;64
mlb;821
mlc;592
mld;133
mle;133
mlf;189
mlg;887
mlh;299
mli;760
mlj;655
mlk;657
mll;447
mlm;132
mln;990
mlo;161
mlp;500
mlq;253
mlr;301
mls;377
mlt;659
mlu;993
mlv;808
mlw;909
mlx;297
mly;588
mlz;660
mma;162
mmb;906
mmc;370
mmd;493
mme;261
mmf;233
mmg;781
mmh;317
mmi;377
mmj;870
mmk;150
mml;553
mmm;986
mmn;542
mmo;520
mmp;555
mmq;13
mmr;445
mms;976
mmt;271
mmu;610
mmv;698
mmw;318
mmx;462
mmy;305
mmz;333
mna;23
mnb;487
mnc;777
mnd;668
mne;348
mnf;125
mng;90
mnh;414
mni;688
mnj;953
mnk;873
mnl;465
mnm;900
mnn;463
mno;423
mnp;939
mnq;316
mnr;969
mns;252
mnt;728
mnu;376
mnv;102
mnw;251
mnx;326
mny;404
mnz;429
moa;880
mob;973
moc;870
mod;831
moe;113
mof;295
mog;915
moh;166
moi;95
moj;113
mok;984
mol;946
mom;334
mon;491
moo;535
mop;769
moq;258
mor;702
mos;382
mot;353
mou;218
mov;385
mow;477
mox;457
moy;859
moz;433
mpa;968
mpb;23
mpc;623
mpd;881
mpe;432
mpf;311
mpg;624
mph;976
mpi;54
mpj;958
mpk;845
mpl;827
mpm;700
mpn;674
mpo;335
mpp;32
mpq;944
mpr;688
mps;189
mpt;215
mpu;0
mpv;900
mpw;763
mpx;645
mpy;802
mpz;614
mqa;880
mqb;771
mqc;285
mqd;891
mqe;163
mqf;450
mqg;187
mqh;936
mqi;250
mqj;589
mqk;479
mql;856
mqm;987
mqn;401
mqo;774
mqp;498
mqq;490
mqr;262
mqs;626
mqt;881
mqu;142
mqv;450
mqw;210
mqx;343
mqy;858
mqz;800
mra;407
mrb;602
mrc;398
mrd;841
mre;12
mrf;60
mrg;310
mrh;800
mri;585
mrj;93
mrk;330
mrl;518
mrm;722
mrn;150
mro;121
mrp;783
mrq;39
mrr;863
mrs;785
mrt;406
mru;679
mrv;152
mrw;413
mrx;833
mry;865
mrz;227
msa;539
msb;172
msc;376
msd;519
mse;17
msf;164
msg;211
msh;645
msi;511
msj;438
msk;521
msl;372
msm;689
msn;187
mso;694
msp;555
msq;31
msr;519
mss;496
mst;147
msu;413
msv;148
msw;805
msx;885
msy;30
msz;292
mta;643
mtb;316
mtc;521
mtd;636
mte;28
mtf;277
mtg;28
mth;417
mti;512
mtj;996
mtk;967
mtl;250
mtm;121
mtn;828
mto;108
mtp;665
mtq;383
mtr;669
mts;225
mtt;416
mtu;461
mtv;128
mtw;232
mtx;473
mty;574
mtz;370
mua;713
mub;112
muc;617
mud;507
mue;734
muf;847
mug;108
muh;949
mui;133
muj;713
muk;662
mul;795
mum;275
mun;696
muo;727
mup;198
muq;327
mur;782
mus;672
mut;787
muu;635
muv;778
muw;74
mux;116
muy;359
muz;458
mva;61
mvb;99
mvc;683
mvd;946
mve;488
mvf;823
mvg;63
mvh;449
mvi;647
mvj;303
mvk;301
mvl;935
mvm;574
mvn;669
mvo;108
mvp;732
mvq;971
mvr;113
mvs;73
mvt;902
mvu;939
mvv;901
mvw;494
mvx;51
mvy;236
mvz;414
mwa;757
mwb;799
mwc;39
mwd;819
mwe;403
mwf;544
mwg;836
mwh;19
mwi;87
mwj;417
mwk;367
mwl;684
mwm;849
mwn;605
mwo;868
mwp;760
mwq;848
mwr;333
mws;170
mwt;941
mwu;205
mwv;212
mww;889
mwx;92
mwy;785
mwz;173
mxa;871
mxb;719
mxc;983
mxd;481
mxe;601
mxf;689
mxg;600
mxh;73
mxi;659
mxj;139
mxk;47
mxl;872
mxm;692
mxn;439
mxo;96
mxp;846
mxq;89
mxr;974
mxs;722
mxt;324
mxu;215
mxv;442
mxw;250
mxx;768
mxy;909
mxz;297
mya;839
myb;206
myc;971
myd;743
mye;278
myf;978
myg;626
myh;347
myi;548
myj;434
myk;776
myl;874
mym;246
myn;472
myo;981
myp;66
myq;434
myr;122
mys;585
myt;146
myu;167
myv;895
myw;867
myx;482
myy;611
myz;832
mza;908
mzb;32
mzc;320
mzd;940
mze;708
mzf;470
mzg;463
mzh;156
mzi;482
mzj;74
mzk;977
mzl;869
mzm;415
mzn;243
mzo;334
mzp;989
mzq;52
mzr;135
mzs;340
mzt;284
mzu;797
mzv;216
mzw;692
mzx;762
mzy;95
mzz;997
naa;102
nab;103
nac;616
nad;461
nae;838
naf;814
nag;536
nah;433
nai;711
naj;713
nak;394
nal;477
nam;71
nan;578
nao;979
nap;390
naq;801
nar;397
nas;512
nat;40
nau;738
nav;182
naw;715
nax;249
nay;967
naz;382
nba;500
nbb;305
nbc;834
nbd;602
nbe;742
nbf;324
nbg;530
nbh;163
nbi;130
nbj;50
nbk;323
nbl;882
nbm;896
nbn;974
nbo;554
nbp;945
nbq;3
nbr;362
nbs;78
nbt;475
nbu;71
nbv;285
nbw;296
nbx;924
nby;891
nbz;168
nca;477
ncb;928
ncc;320
ncd;525
nce;850
ncf;597
ncg;850
nch;877
nci;649
ncj;9
nck;889
ncl;655
ncm;962
ncn;585
nco;257
ncp;243
ncq;836
ncr;5
ncs;919
nct;904
ncu;790
ncv;169
ncw;79
ncx;405
ncy;560
ncz;458
nda;802
ndb;338
ndc;148
ndd;86
nde;550
ndf;804
ndg;567
ndh;83
ndi;541
ndj;385
ndk;600
ndl;315
ndm;908
ndn;300
ndo;434
ndp;213
ndq;123
ndr;745
nds;918
ndt;245
ndu;631
ndv;981
ndw;96
ndx;911
ndy;71
ndz;945
nea;443
neb;71
nec;663
ned;99
nee;793
nef;381
neg;941
neh;349
nei;322
nej;169
nek;654
nel;343
nem;61
nen;415
neo;383
nep;644
neq;30
ner;629
nes;428
net;46
neu;655
nev;657
new;232
nex;583
ney;92
nez;259
nfa;782
nfb;830
nfc;856
nfd;504
nfe;301
nff;679
nfg;73
nfh;431
nfi;766
nfj;908
nfk;821
nfl;701
nfm;805
nfn;896
nfo;651
nfp;139
nfq;355
nfr;504
nfs;68
nft;736
nfu;60
nfv;314
nfw;330
nfx;125
nfy;651
nfz;578
nga;699
ngb;318
ngc;57
ngd;998
nge;760
ngf;148
ngg;189
ngh;228
ngi;245
ngj;403
ngk;190
ngl;681
ngm;360
ngn;668
ngo;653
ngp;510
ngq;420
ngr;778
ngs;882
ngt;532
ngu;633
ngv;704
ngw;254
ngx;511
ngy;71
ngz;78
nha;977
nhb;936
nhc;211
nhd;657
nhe;693
nhf;298
nhg;492
nhh;992
nhi;298
nhj;39
nhk;340
nhl;60
nhm;144
nhn;592
nho;835
nhp;330
nhq;902
nhr;547
nhs;777
nht;372
nhu;175
nhv;22
nhw;17
nhx;387
nhy;109
nhz;218
nia;606
nib;133
nic;62
nid;557
nie;947
nif;983
nig;913
nih;387
nii;576
nij;979
nik;427
nil;335
nim;835
nin;694
nio;363
nip;344
niq;533
nir;200
nis;375
nit;290
niu;213
niv;913
niw;300
nix;247
niy;457
niz;521
nja;404
njb;82
njc;362
njd;113
nje;100
njf;346
njg;295
njh;112
nji;260
njj;500
njk;169
njl;987
njm;735
njn;710
njo;908
njp;843
njq;993
njr;122
njs;498
njt;576
nju;806
njv;624
njw;597
njx;615
njy;984
njz;793
nka;381
nkb;239
nkc;348
nkd;242
nke;352
nkf;740
nkg;375
nkh;813
nki;559
nkj;997
nkk;693
nkl;293
nkm;401
nkn;307
nko;97
nkp;478
nkq;944
nkr;444
nks;903
nkt;856
nku;854
nkv;68
nkw;360
nkx;580
nky;900
nkz;486
nla;244
nlb;13
nlc;788
nld;682
nle;245
nlf;967
nlg;385
nlh;81
nli;756
nlj;821
nlk;434
nll;138
nlm;217
nln;615
nlo;262
nlp;522
nlq;169
nlr;683
nls;884
nlt;523
nlu;469
nlv;182
nlw;896
nlx;285
nly;254
nlz;801
nma;350
nmb;468
nmc;152
nmd;780
nme;498
nmf;397
nmg;4
nmh;535
nmi;956
nmj;780
nmk;940
nml;424
nmm;150
nmn;376
nmo;868
nmp;878
nmq;891
nmr;103
nms;263
nmt;370
nmu;434
nmv;69
nmw;911
nmx;26
nmy;805
nmz;405
nna;229
nnb;446
nnc;872
nnd;111
nne;245
nnf;648
nng;23
nnh;11
nni;301
nnj;971
nnk;428
nnl;204
nnm;500
nnn;988
nno;146
nnp;173
nnq;782
nnr;74
nns;674
nnt;164
nnu;932
nnv;941
nnw;23
nnx;470
nny;876
nnz;433
noa;751
nob;738
noc;972
nod;298
noe;837
nof;390
nog;721
noh;200
noi;418
noj;523
nok;723
nol;737
nom;858
non;184
noo;5
nop;649
noq;595
nor;555
nos;919
not;960
nou;713
nov;204
now;861
nox;990
noy;707
noz;929
npa;439
npb;493
npc;213
npd;375
npe;203
npf;474
npg;274
nph;917
npi;948
npj;356
npk;434
npl;911
npm;592
npn;389
npo;853
npp;220
npq;668
npr;689
nps;138
npt;281
npu;39
npv;140
npw;597
npx;729
npy;942
npz;387
nqa;174
nqb;520
nqc;886
nqd;85
nqe;595
nqf;581
nqg;584
nqh;826
nqi;88
nqj;491
nqk;377
nql;85
nqm;409
nqn;446
nqo;348
nqp;663
nqq;919
nqr;895
nqs;206
nqt;827
nqu;874
nqv;299
nqw;727
nqx;139
nqy;766
nqz;534
nra;286
nrb;583
nrc;875
nrd;72
nre;609
nrf;691
nrg;920
nrh;2
nri;634
nrj;314
nrk;195
nrl;411
nrm;623
nrn;244
nro;320
nrp;260
nrq;871
nrr;20
nrs;358
nrt;757
nru;121
nrv;235
nrw;489
nrx;817
nry;70
nrz;255
nsa;705
nsb;791
nsc;49
nsd;81
nse;560
nsf;576
nsg;891
nsh;702
nsi;22
nsj;127
nsk;225
nsl;374
nsm;732
nsn;524
nso;773
nsp;339
nsq;772
nsr;433
nss;496
nst;611
nsu;854
nsv;930
nsw;887
nsx;624
nsy;793
nsz;245
nta;577
ntb;110
ntc;520
ntd;372
nte;492
ntf;186
ntg;977
nth;374
nti;856
ntj;749
ntk;124
ntl;452
ntm;546
ntn;191
nto;853
ntp;903
ntq;577
ntr;441
nts;197
ntt;686
ntu;253
ntv;835
ntw;38
ntx;596
nty;106
ntz;672
nua;706
nub;437
nuc;666
nud;967
nue;921
nuf;532
nug;876
nuh;616
nui;303
nuj;838
nuk;378
nul;762
num;225
nun;826
nuo;582
nup;593
nuq;879
nur;328
nus;118
nut;315
nuu;926
nuv;103
nuw;285
nux;488
nuy;551
nuz;940
nva;690
nvb;968
nvc;877
nvd;213
nve;156
nvf;882
nvg;948
nvh;73
nvi;847
nvj;841
nvk;652
nvl;782
nvm;150
nvn;483
nvo;549
nvp;278
nvq;912
nvr;515
nvs;656
nvt;951
nvu;239
nvv;896
nvw;291
nvx;991
nvy;12
nvz;35
nwa;251
nwb;290
nwc;153
nwd;561
nwe;145
nwf;558
nwg;567
nwh;296
nwi;49
nwj;652
nwk;710
nwl;791
nwm;40
nwn;15
nwo;203
nwp;810
nwq;101
nwr;326
nws;433
nwt;605
nwu;829
nwv;831
nww;628
nwx;381
nwy;93
nwz;35
nxa;13
nxb;70
nxc;981
nxd;768
nxe;28
nxf;358
nxg;532
nxh;468
nxi;84
nxj;325
nxk;482
nxl;211
nxm;71
nxn;433
nxo;771
nxp;380
nxq;486
nxr;337
nxs;531
nxt;544
nxu;39
nxv;244
nxw;180
nxx;591
nxy;275
nxz;515
nya;384
nyb;866
nyc;255
nyd;54
nye;872
nyf;635
nyg;845
nyh;209
nyi;828
nyj;977
nyk;67
nyl;951
nym;776
nyn;735
nyo;358
nyp;280
nyq;57
nyr;101
nys;971
nyt;251
nyu;557
nyv;138
nyw;750
nyx;728
nyy;198
nyz;248
nza;321
nzb;233
nzc;775
nzd;220
nze;825
nzf;701
nzg;697
nzh;588
nzi;999
nzj;108
nzk;694
nzl;610
nzm;693
nzn;813
nzo;354
nzp;168
nzq;741
nzr;761
nzs;420
nzt;657
nzu;295
nzv;412
nzw;165
nzx;202
nzy;249
nzz;663
oaa;767
oab;452
oac;914
oad;636
oae;863
oaf;407
oag;725
oah;145
oai;703
oaj;751
oak;502
oal;583
oam;140
oan;607
oao;473
oap;712
oaq;716
oar;400
oas;114
oat;671
oau;532
oav;800
oaw;371
oax;350
oay;901
oaz;145
oba;522
obb;148
obc;167
obd;584
obe;778
obf;72
obg;850
obh;988
obi;770
obj;652
obk;607
obl;4
obm;881
obn;737
obo;293
obp;764
obq;949
obr;850
obs;53
obt;377
obu;279
obv;237
obw;895
obx;46
oby;356
obz;954
oca;237
ocb;874
occ;402
ocd;465
oce;933
ocf;187
ocg;976
och;740
oci;353
ocj;512
ock;350
ocl;109
ocm;184
ocn;696
oco;338
ocp;511
ocq;267
ocr;340
ocs;501
oct;386
ocu;749
ocv;625
ocw;221
ocx;860
ocy;397
ocz;648
oda;740
odb;951
odc;21
odd;353
ode;89
odf;682
odg;887
odh;787
odi;532
odj;455
odk;89
odl;238
odm;376
odn;300
odo;57
odp;365
odq;106
odr;234
ods;248
odt;344
odu;558
odv;749
odw;574
odx;654
ody;561
odz;911
oea;346
oeb;545
oec;77
oed;746
oee;580
oef;845
oeg;577
oeh;36
oei;221
oej;140
oek;990
oel;142
oem;169
oen;379
oeo;609
oep;971
oeq;36
oer;460
oes;958
oet;654
oeu;912
oev;773
oew;551
oex;576
oey;831
oez;875
ofa;60
ofb;407
ofc;339
ofd;969
ofe;616
off;735
ofg;834
ofh;988
ofi;503
ofj;444
ofk;184
ofl;327
ofm;317
ofn;402
ofo;986
ofp;118
ofq;165
ofr;783
ofs;663
oft;447
ofu;532
ofv;269
ofw;396
ofx;273
ofy;843
ofz;606
oga;83
ogb;726
ogc;164
ogd;676
oge;807
ogf;342
ogg;471
ogh;767
ogi;287
ogj;522
ogk;957
ogl;998
ogm;965
ogn;659
ogo;67
ogp;760
ogq;451
ogr;696
ogs;563
ogt;422
ogu;438
ogv;484
ogw;276
ogx;538
ogy;743
ogz;237
oha;450
ohb;314
ohc;630
ohd;564
ohe;501
ohf;396
ohg;265
ohh;812
ohi;312
ohj;856
ohk;477
ohl;22
ohm;975
ohn;870
oho;153
ohp;846
ohq;837
ohr;754
ohs;211
oht;52
ohu;108
ohv;814
ohw;617
ohx;555
ohy;767
ohz;537
oia;536
oib;682
oic;201
oid;624
oie;243
oif;437
oig;10
oih;889
oii;601
oij;656
oik;454
oil;128
oim;761
oin;710
oio;877
oip;865
oiq;65
oir;963
ois;333
oit;334
oiu;901
oiv;998
oiw;138
oix;561
oiy;513
oiz;895
oja;433
ojb;648
ojc;138
ojd;926
oje;212
ojf;107
ojg;707
ojh;397
oji;65
ojj;429
ojk;647
ojl;715
ojm;729
ojn;394
ojo;382
ojp;710
ojq;581
ojr;919
ojs;632
ojt;795
oju;358
ojv;751
ojw;116
ojx;974
ojy;828
ojz;929
oka;413
okb;873
okc;804
okd;41
oke;431
okf;170
okg;956
okh;574
oki;229
okj;705
okk;796
okl;322
okm;877
okn;63
oko;314
okp;149
okq;724
okr;913
oks;720
okt;559
oku;948
okv;854
okw;250
okx;709
oky;441
okz;804
ola;239
olb;532
olc;363
old;885
ole;650
olf;998
olg;812
olh;24
oli;500
olj;936
olk;29
oll;490
olm;95
oln;780
olo;170
olp;396
olq;323
olr;456
ols;636
olt;60
olu;55
olv;525
olw;703
olx;317
oly;400
olz;821
oma;591
omb;623
omc;351
omd;311
ome;994
omf;357
omg;734
omh;916
omi;493
omj;717
omk;627
oml;876
omm;275
omn;592
omo;901
omp;736
omq;937
omr;40
oms;369
omt;934
omu;737
omv;390
omw;57
omx;361
omy;832
omz;432
ona;638
onb;409
onc;174
ond;172
one;904
onf;194
ong;426
onh;230
oni;342
onj;356
onk;668
onl;285
onm;865
onn;385
ono;477
onp;534
onq;892
onr;753
ons;411
ont;418
onu;249
onv;369
onw;89
onx;46
ony;101
onz;533
ooa;655
oob;141
ooc;671
ood;100
ooe;882
oof;225
oog;223
ooh;337
ooi;706
ooj;57
ook;156
ool;743
oom;342
oon;443
ooo;667
oop;133
ooq;227
oor;261
oos;765
oot;933
oou;332
oov;42
oow;120
oox;876
ooy;827
ooz;760
opa;91
opb;463
opc;434
opd;432
ope;830
opf;927
opg;58
oph;406
opi;747
opj;411
opk;734
opl;127
opm;350
opn;991
opo;407
opp;315
opq;160
opr;377
ops;253
opt;35
opu;660
opv;647
opw;388
opx;701
opy;936
opz;26
oqa;520
oqb;797
oqc;873
oqd;833
oqe;956
oqf;545
oqg;723
oqh;667
oqi;525
oqj;138
oqk;618
oql;439
oqm;435
oqn;88
oqo;329
oqp;413
oqq;222
oqr;670
oqs;32
oqt;417
oqu;83
oqv;968
oqw;360
oqx;46
oqy;864
oqz;735
ora;576
orb;722
orc;524
ord;29
ore;85
orf;361
org;353
orh;429
ori;275
orj;796
ork;389
orl;910
orm;21
orn;208
oro;469
orp;99
orq;984
orr;711
ors;93
ort;502
oru;256
orv;136
orw;194
orx;510
ory;246
orz;550
osa;898
osb;218
osc;429
osd;630
ose;377
osf;240
osg;305
osh;411
osi;328
osj;925
osk;149
osl;118
osm;70
osn;402
oso;738
osp;860
osq;319
osr;559
oss;275
ost;923
osu;36
osv;400
osw;508
osx;558
osy;365
osz;914
ota;394
otb;929
otc;900
otd;455
ote;643
otf;825
otg;76
oth;676
oti;178
otj;174
otk;382
otl;625
otm;184
otn;448
oto;928
otp;907
otq;318
otr;943
ots;883
ott;937
otu;489
otv;319
otw;89
otx;83
oty;791
otz;327
oua;255
oub;542
ouc;871
oud;646
oue;311
ouf;552
oug;421
ouh;322
oui;348
ouj;947
ouk;652
oul;263
oum;218
oun;805
ouo;984
oup;361
