ixi;515
fqe;36
fld;374
ecn;202
hge;865
kah;641
anx;543
lro;158
lwi;136
ehc;803
myo;799
lsd;724
kal;559
fsk;288
mzu;785
ncn;89
adr;74
iii;180
dcb;255
ezu;346
hrs;178
fyx;937
bys;786
hkz;345
gue;155
dil;199
beg;751
lbf;719
ohk;600
kpd;570
ekj;180
bue;451
cze;824
kvn;544
orm;844
omz;485
kln;520
jcs;879
otr;551
nkv;336
dho;713
ksq;662
meu;845
ohy;50
fbw;838
dxz;423
lhd;165
odz;958
mpd;511
cnw;953
hni;683
oqt;923
ejr;625
eps;698
kgs;69
nvw;68
god;552
obi;539
njh;469
cdf;775
flk;244
opd;140
glx;3
buc;278
not;945
kkj;468
fuq;115
nkw;563
cdp;644
fvk;648
lyz;350
eyo;148
ics;199
ciq;267
ncc;152
khq;624
adi;955
kol;414
mse;541
mwf;187
jxd;712
fmv;640
nxb;402
ayh;386
opw;831
clr;880
kkd;509
drf;951
mne;379
iwu;928
hal;806
fru;83
jux;273
juo;882
amq;358
dim;796
ksg;127
eeo;912
gmp;487
ogs;747
her;215
dvi;555
dgg;763
gjs;874
idx;435
jjs;613
aqs;453
hdk;805
emz;363
hjw;10
cgc;183
oew;229
fhs;912
ihj;306
hhg;624
bja;731
mrz;129
eke;117
dpe;10
fec;248
jrp;550
fgf;204
dgf;753
bqm;758
oep;877
ldm;860
jsg;942
mno;437
ity;508
dcs;120
hmb;710
dfh;519
bxe;617
isf;935
cgg;266
jvh;596
bhg;355
osv;952
hle;701
ocw;705
ccp;135
elp;505
kzp;866
dej;868
cvi;744
ajd;202
haw;132
icr;810
lme;207
fpa;72
hnr;794
kce;692
ekf;992
hze;403
mix;405
jer;812
ahu;525
dtj;205
dgi;554
ktn;509
jui;534
gor;910
foc;336
koo;266
ggi;54
hpt;192
fmz;690
gyb;210
kiw;99
iuq;43
gac;907
bid;300
gmj;304
jgu;938
oox;124
ddi;319
bwy;988
kvc;917
chq;505
jys;573
ojm;477
nuy;487
nsu;984
gye;533
ggk;257
llh;302
gje;226
nbl;719
miy;207
lxg;460
eox;444
cup;879
mnk;104
kqf;227
mum;651
isd;615
gzj;286
ntk;730
flo;161
ewi;628
gju;114
hpm;609
chu;547
dhl;27
kng;601
mng;722
icv;882
gud;918
cex;814
jzn;651
leg;683
heo;802
cjj;827
cec;570
kai;249
izr;682
fjx;99
hyn;332
jqc;647
lku;843
dse;137
gwz;484
dge;549
gvl;396
chg;358
nvq;3
jnr;508
edc;82
niv;6
kjp;120
klk;37
ago;347
koi;874
hpa;426
osg;690
akx;706
hiy;746
ltw;835
mpv;362
hyx;448
hcr;561
aof;84
osj;662
hla;680
emx;992
ifo;959
ely;895
hcq;624
isn;401
hcp;996
cwy;506
bce;731
amg;261
dfb;455
awv;248
mew;555
kwa;339
mqk;415
kwh;334
mhd;220
gix;412
hgt;530
nyb;478
nqf;169
ffu;402
las;377
oil;633
loa;557
mvh;185
hlk;751
mws;304
kum;342
nus;190
bcw;103
cwd;983
hnc;538
jvg;592
ddj;164
ewh;400
lat;172
kqc;458
mow;180
ofy;338
lps;332
djs;742
gss;224
bum;297
gnr;548
obc;265
mol;141
kxs;425
lng;708
mtm;859
lez;914
kls;656
llr;724
nht;74
hqo;196
jdd;295
mgv;498
euz;387
msn;413
jkw;847
nbr;84
cai;851
oqn;410
ljt;613
nkb;874
kwt;722
byp;597
bcp;591
dvf;309
kdy;453
ngs;900
mku;452
ggx;426
dgx;591
hgj;819
bzw;954
epi;628
lyd;428
dsw;886
lid;374
kdg;398
cpl;749
mkd;395
bjd;390
mao;386
igi;153
oir;924
cjs;50
aeb;525
fnx;196
oho;34
iey;876
dmx;75
nnc;580
hjo;567
hzs;764
ezd;234
aky;453
abi;206
dfa;479
nlk;902
ccq;466
jtx;896
jit;789
cxf;318
gjo;444
cxn;646
gxs;862
dey;913
ilx;850
aas;704
ljy;607
cpk;189
kco;459
kmk;336
ooy;220
mtx;128
jeg;682
kul;147
jpy;251
nlr;816
gmu;893
odn;388
eqe;521
cul;96
can;624
irh;932
jus;638
hae;3
cqr;117
hdz;169
dny;574
dlh;370
hrm;816
lcg;607
fhh;309
bsk;408
nip;110
fod;698
ntv;557
ehn;546
mmm;72
koa;743
bsv;437
ewz;763
mak;840
kef;673
hnv;285
onh;709
ipv;878
hoy;775
dkw;6
evc;1
lnn;661
bmz;351
gtz;396
nse;675
opc;645
hiw;206
ndf;415
jlx;472
jwc;346
ofj;489
hij;119
boe;866
iqt;662
nhy;539
gbc;784
chw;718
czx;289
ave;68
hxc;460
ien;772
mve;248
lgw;599
ntf;794
lvn;908
hac;836
jwm;217
lej;634
nhu;111
huq;665
bxs;146
nzb;58
iny;592
dsq;733
fkh;405
fjq;362
llo;809
opb;540
jny;935
myk;393
dtt;728
jzp;500
bxf;278
mwq;564
bng;153
mvq;745
dpk;341
jcp;870
aru;238
mza;834
ckn;748
gds;735
kga;619
lqe;847
evb;448
blm;580
bbd;637
ace;485
idt;433
kff;677
dnw;644
alc;814
mmp;917
iox;321
lnz;531
dsz;1
edr;293
fpi;417
gfi;701
dyz;850
fns;683
lnm;135
cyt;228
lwr;449
hup;780
gvq;15
oqp;433
jpd;1
cys;644
fkr;86
aaj;97
eek;547
fox;462
bcs;523
ccv;211
fvm;534
azf;302
lnv;875
ekm;978
jdh;811
eou;346
llg;894
mpj;826
itg;924
fil;976
kwq;621
chl;553
led;781
ccm;95
eiv;387
ayd;475
gdg;861
ntu;995
crz;222
axz;188
dkg;48
heu;856
iyo;747
hba;214
ifh;351
ccf;988
bvb;242
fix;377
jfd;604
kmx;364
odh;539
fqy;756
efs;174
jad;656
ifv;465
mzr;240
nti;384
coq;788
mbr;248
ntd;653
bcm;937
fxi;537
kip;115
djv;159
iuu;985
lzk;508
kfg;386
nct;248
koh;183
dfq;784
hcj;953
bhe;476
lqi;524
hot;328
gkt;194
kuc;439
gsx;108
elc;717
eew;488
gei;536
irs;36
mfc;864
cyv;977
kuq;120
jeh;990
cbz;174
amx;537
okp;390
ahl;444
ldn;444
cwc;519
gcd;549
nzh;818
met;759
lqb;642
fvl;615
amu;554
ecq;95
nff;987
alw;554
miz;566
nmk;843
gro;299
eoz;35
hua;191
die;351
ens;439
kmn;73
grt;10
gas;633
dqr;700
jdi;567
jff;582
mzi;996
hmj;881
aub;366
isy;895
nbf;444
jzj;272
cli;379
hgm;66
mwy;428
ahq;69
krp;782
emf;767
lem;150
oql;774
cbw;879
iyn;59
cnl;711
iri;845
mjf;166
fcj;387
kkr;815
bxd;569
bup;673
glv;910
hui;101
dvq;774
lkm;330
dby;491
ahr;523
nhz;221
hxi;246
bxm;78
kgz;696
ecx;754
imr;422
ntt;511
fjb;869
cce;881
ipl;835
jqh;923
ora;790
aiu;790
ioo;422
jxy;976
nst;402
ipt;491
erm;923
mjq;561
gme;945
bgj;163
fmj;900
olk;224
heq;220
iys;773
nzo;777
cpa;340
lmv;450
iqv;716
jpr;990
dul;411
dib;554
jrt;298
esi;588
iog;141
ibj;598
epv;106
anu;179
kdt;134
fcs;57
jhw;207
nnq;377
kme;206
eel;159
coc;976
jlh;668
cdk;527
kfi;135
osc;970
ouk;136
hjl;718
fuz;497
fou;666
dbr;731
oqv;866
cii;852
dqn;733
npg;302
mek;529
msm;20
egh;552
gqp;980
jxt;685
dpu;469
nby;186
mgx;656
jop;548
hvz;683
awx;549
ggg;780
nka;569
eyy;881
ggy;562
iwm;641
mal;151
bap;268
chy;730
ocx;423
fww;281
fzp;27
oqs;270
hmc;758
dem;326
aev;240
fus;599
oaw;173
gha;730
htg;488
mwb;215
hgn;54
frx;969
ekr;168
nqx;535
cey;193
ddy;603
low;872
nfr;858
gcu;742
kaf;275
cuo;275
nol;214
lgn;296
oix;160
lif;391
ach;251
nkh;503
eub;102
mdx;695
imk;245
dxd;18
ona;927
cvh;352
axj;789
icq;83
kft;457
ccd;266
jap;868
dwt;660
cic;700
lke;154
luc;328
azm;136
ope;208
cxc;496
jhb;126
oez;282
aga;168
hte;84
gkr;337
mfj;358
cnr;971
gms;237
eyr;298
esg;765
nnv;76
cee;176
guw;883
bcl;528
hvi;751
aba;744
kpp;417
cca;231
ghd;131
omt;738
edt;711
mni;354
bhy;132
clq;102
goy;40
ecd;830
eej;977
edy;389
abx;184
olw;107
ndp;18
htv;697
omc;734
bqk;849
bkm;712
fzu;729
bhw;42
aae;683
gfr;947
bni;98
gfl;577
ahz;303
mpp;219
gar;166
bfq;753
aoq;730
ezw;346
nxx;842
ieu;48
bte;215
dwh;335
gif;302
djy;883
jcr;643
dym;220
lwa;987
lzz;176
kfb;631
okx;486
iyp;764
ccs;706
ccg;526
cyl;804
gia;891
kxm;53
oex;778
mtb;472
dug;310
mdi;483
lcq;79
fyy;913
ast;971
gtq;462
lwb;623
cxh;305
jpo;994
bfn;912
mvj;863
ogx;305
ehw;523
guo;371
eje;140
jfo;899
khg;899
cru;612
aee;838
hpk;847
kyv;812
fxy;946
dfk;178
laa;648
dyp;420
cxx;348
frw;413
axt;582
dvg;929
meq;154
kux;765
dyu;365
fqi;837
oth;923
kqs;914
adj;311
kdl;773
oqf;933
aem;134
jwj;751
add;410
olb;393
ljw;950
cpz;476
ker;225
gnh;783
bvx;274
flm;617
etb;188
cnj;605
iet;455
hjx;48
cws;478
cbc;655
iat;774
kgk;351
nnj;624
fee;667
lof;48
eqi;965
kcl;360
dhr;4
njz;41
bax;499
bpl;204
ash;308
bec;260
orw;930
cva;971
jbb;638
bnc;978
ook;197
goe;417
fwr;473
cxg;839
avl;928
nqh;779
cam;820
ajz;7
mkv;769
cou;963
aui;472
dcy;570
fvw;516
gfj;585
hoh;980
jqr;773
bgo;366
mfq;515
nxv;271
aze;876
gmv;9
gpj;240
mmy;522
jdy;901
mcl;500
gbw;47
alo;339
diw;289
kbi;976
dvm;401
kix;634
fic;791
mdw;828
itw;101
agp;841
dec;449
jww;758
jew;329
gli;543
aso;490
nru;419
kug;476
cmt;921
gqm;208
oas;773
exp;810
abk;341
lqz;713
mop;911
dxb;400
llx;946
nry;738
dzf;155
ncv;447
jic;384
nll;275
omw;219
kjh;177
fpl;847
cdo;72
dxf;184
nmi;362
njd;938
ikc;867
otq;742
ada;111
gmf;446
oet;147
afy;496
lmj;345
cpd;880
lbd;738
aij;707
fkz;113
bsq;352
jdr;874
lna;538
oqm;624
lkj;70
oeq;981
flz;642
kpi;589
gnv;247
ida;2
hpr;794
mua;303
glt;556
nwe;347
eyc;264
dni;460
bft;423
hxj;184
jrr;875
mka;319
efx;277
gjq;598
hpd;612
ljg;6
lge;769
dmc;857
fwc;659
kxe;735
mda;660
kar;446
mnq;763
frk;412
ojf;533
crw;550
arn;505
hel;464
brr;663
iwn;505
hss;618
egb;784
kwu;234
kmj;18
cww;239
dht;354
nlg;499
njy;353
kuh;721
lym;120
dok;616
mlv;89
bcj;762
hta;401
jdw;651
gqu;314
miq;304
hhd;586
izj;497
alx;312
ary;37
buj;464
hsj;200
gck;894
cnx;981
occ;916
bod;820
hhp;940
mhh;659
nzx;964
hmv;860
kld;773
kiq;897
ddm;321
ntj;238
nze;837
hco;147
onk;164
jwk;447
ere;263
mid;193
cuq;854
fip;717
ido;69
jrx;989
efc;674
ees;762
emj;65
kvk;806
bsc;81
jqi;705
lou;600
azb;972
nif;21
ind;203
jjp;506
hwg;576
axr;936
keu;856
ixp;856
jre;564
gdm;366
jag;770
gtp;85
gnq;810
lul;674
lba;303
exz;390
kww;66
nku;381
hsm;265
djl;677
ijk;887
nke;626
ilp;85
mik;870
myq;671
fbc;496
iko;839
lbq;793
jmp;500
eab;900
ghv;621
drb;453
etm;693
msh;850
maf;159
fqg;938
fui;70
bdb;662
lqu;63
azp;61
egf;468
nwd;510
aoj;757
ahe;22
buw;756
hdm;43
dlf;415
lxy;565
foh;637
bzj;228
ofv;677
chp;42
iua;971
bab;47
ldj;580
bzf;218
lju;593
kax;657
fby;371
fgx;911
hrp;204
jcu;766
hdf;891
kll;135
frg;578
bed;267
oky;818
dxy;442
gdd;276
oec;661
nqr;792
nqu;137
jkz;259
gkk;787
gvb;479
hhe;727
dod;790
kba;193
fdc;74
gyu;393
nte;551
kps;355
onb;450
gzw;66
ihw;384
gdv;997
kdf;57
lqo;561
nxg;35
iig;584
kqk;176
bbq;495
crl;728
isi;849
jzl;768
dit;993
jyy;794
ktb;307
lpk;180
ibf;587
deg;539
lzw;650
inj;573
fie;111
faq;259
lhr;676
iaj;520
jyl;334
aex;904
gyf;841
lin;495
hpo;761
djj;640
hky;114
ggc;724
fgs;736
ako;299
giy;379
ory;752
lsz;591
kxp;378
lyp;760
lhv;965
eqj;712
biz;801
egx;978
azu;84
deb;195
ejo;142
lup;589
emc;247
hfc;119
aid;579
jmz;361
kjk;892
noo;545
isz;311
dyn;38
icy;383
bww;493
kbn;506
lvg;728
mln;467
eae;71
lyj;883
gna;298
aiy;385
fmt;549
acb;204
dsd;881
kfx;724
iiv;58
gdi;107
csc;597
kwz;704
lqd;274
jsy;143
khh;233
hkn;216
nbm;717
jmj;86
cmx;910
ktj;173
eeq;651
jdx;638
hov;733
ohp;123
hyc;52
azz;602
juf;144
hza;347
nky;125
gls;221
njp;961
apz;939
mlq;549
mjv;706
hey;838
fta;892
izz;826
bbp;985
grb;928
lwt;330
luv;273
ajm;2
ghf;567
mtz;345
dyl;477
gvc;663
ikt;831
mcp;531
btz;61
kni;920
kzr;780
fds;617
bdn;861
byl;293
jzs;499
nfo;440
atf;884
ctx;407
luh;54
hvv;600
nfb;856
gbu;137
nua;502
fvv;551
dlo;708
lvv;745
iag;611
iuc;793
nrf;300
lll;279
jnk;655
ilg;795
imj;232
hip;882
mox;465
ony;311
nqk;68
jsq;597
jdn;207
kpn;900
dsx;5
dci;519
ena;103
hdt;13
lpe;29
nvs;372
lie;747
bnz;961
fua;694
btv;139
jhm;409
eaj;238
cld;224
ffz;637
ftc;691
lje;338
gns;447
jcy;669
jyq;364
keb;741
ikk;364
btu;468
hnn;738
mzt;624
dhh;382
mff;598
dzc;417
lsj;334
lsi;994
gkm;711
kki;133
iie;202
ajg;609
lqv;107
hdq;438
cqk;889
mzh;836
hjd;833
hbg;750
clh;639
meg;60
dwu;236
dnz;624
nkd;645
jdk;509
hwp;176
nrn;554
drw;618
ghe;900
odu;349
fwl;539
lxe;258
mtg;560
ngf;284
jbd;638
dtm;886
arf;381
axs;263
evf;220
ckc;396
efu;757
azl;891
bcv;996
gfg;994
egq;640
odi;13
mpe;816
nnt;507
eoi;319
msb;234
fif;51
ken;165
hry;551
khu;669
dst;689
bvt;455
hcy;952
nwb;400
ofc;464
esx;197
ipm;859
mlk;927
nrw;8
mou;489
ohr;887
bsr;901
iaw;413
mqm;880
fcf;655
ofn;339
iap;857
iya;352
btd;813
izc;788
lkc;969
arv;843
gfz;170
dqo;216
euh;873
fqf;697
fql;843
bon;400
edq;189
dzb;886
fxf;603
mqz;727
fok;5
lhi;215
otx;802
adh;659
mce;413
mlf;436
mun;229
mbb;991
bfh;476
grv;287
exf;295
gtn;258
fye;15
ctk;504
fbm;56
dxr;312
gqe;323
jss;763
eov;469
fib;993
enp;826
nvy;907
lhm;231
jar;36
kfz;543
hfq;983
bsx;408
caa;101
hhq;872
hde;947
avy;223
fae;762
gpq;609
iho;514
lib;150
gsd;968
feu;53
arp;160
jfu;300
keg;335
lyi;802
kmd;472
acr;451
alv;764
bar;56
mlj;585
hbn;15
dgl;890
mjn;284
fea;573
ebg;170
gdf;851
aop;154
awh;152
ltu;767
dic;826
mad;883
bpu;895
loy;48
hha;862
mii;598
ggm;59
cmp;848
lha;656
eip;517
cby;376
hvd;495
orl;391
agb;604
ehx;88
icu;850
anq;875
ips;47
fxs;967
ohe;421
buf;31
aat;273
lmr;857
hzg;478
fqj;284
dxm;947
akh;375
nvr;240
cbj;714
dpf;400
iwi;400
mvo;489
fls;337
nzs;532
ltp;144
kyj;46
kui;896
iue;393
fzk;300
czv;57
bka;390
gzx;550
jig;267
krc;397
fxo;632
iof;791
ndu;561
ouh;284
itd;662
fue;381
nhj;401
bne;850
kpk;108
lcy;916
gwp;509
kro;516
mci;943
oja;313
ebs;560
oem;206
lpb;148
lyo;300
iec;246
ams;594
hqf;394
hoo;884
ogm;5
giv;943
mgl;740
eyl;240
ksu;451
lfw;445
juz;997
ewn;104
brj;717
dsh;662
ecl;381
aec;867
ezz;810
ejn;685
kge;476
ioc;304
ckx;184
nlw;306
iby;217
iqi;483
ohl;761
jsz;940
buv;91
nco;173
dzu;394
axe;429
gvt;570
apg;317
dqy;587
nrm;632
omn;225
fyw;90
adp;298
nfz;968
mgh;174
lmy;615
mhx;604
ksa;238
acx;316
btn;626
jts;250
lyh;946
mcq;310
jzf;691
jvk;157
kqr;524
jfv;463
iaa;18
eom;245
lhq;980
ncj;700
cmq;185
ihb;870
oap;478
nxm;756
isq;847
lix;181
cit;987
jvw;294
mdj;103
bvn;162
gxn;555
mzq;276
nxu;726
dwk;478
jbs;188
gbz;924
fdn;834
brw;18
gag;861
fgb;491
gqj;514
ico;808
oro;940
odv;211
ftp;808
fcz;298
gyp;687
acq;37
hzc;484
isa;45
jlw;382
frc;76
baa;540
hsr;927
hzx;350
ika;335
kam;155
fdi;381
ldb;90
osi;413
oty;651
ibd;985
gws;380
lew;212
dhs;414
dve;448
jzh;469
dff;102
iew;112
nmo;620
oor;699
nfn;712
dlw;597
ied;793
ajp;784
kzo;973
dql;105
ihc;992
izx;887
kwp;608
jgj;409
bdc;784
nkj;623
odl;945
hmq;534
flc;288
nox;561
lfb;545
faa;17
kxg;562
dwe;480
cet;438
chh;208
ild;874
mmk;137
dvt;366
oah;398
nas;990
dnp;211
lvl;193
eau;701
cov;76
dtv;743
haa;155
hah;168
ftk;599
acw;731
jai;564
juh;807
asq;780
dye;394
gaq;633
mqj;328
opf;606
fqd;406
nzy;816
hof;946
ndb;895
jsr;377
apb;376
azj;754
hyi;468
ogq;124
grg;435
nut;73
lko;898
gqf;382
cmn;232
gpp;191
omy;149
ome;783
azi;434
dlc;91
krd;545
dqf;690
aaw;883
kjx;835
gum;465
hap;597
dcx;91
ekw;776
msk;605
igc;55
ali;696
dmg;922
mrl;907
jsh;665
dmw;19
opt;116
inc;615
afh;87
mhv;450
guq;912
iwr;754
aiv;57
adf;735
jeb;682
mxr;164
jtb;811
ohi;556
ivs;658
ahi;37
dqp;164
icj;162
ijx;457
kbf;283
kvj;669
bds;769
ckr;635
cmf;21
dly;865
eam;174
hwm;462
oda;559
mvf;788
fhl;269
exj;505
eze;606
ads;541
bir;412
kmh;455
irf;375
kml;595
cra;312
osu;105
lkx;574
dqg;262
eku;694
ddr;357
dtg;483
eda;804
cdv;101
mqt;431
huy;482
lye;400
myw;740
bkn;706
bvg;321
bhi;255
hvb;403
iij;708
bgs;111
nvm;966
hnw;753
dia;23
ltz;861
bck;566
bic;323
hgh;794
npm;492
beu;336
ojo;550
kjc;68
bxc;891
dfn;270
ayf;849
gsz;237
hdy;652
oog;227
jyk;793
ade;934
lwg;325
gse;368
irl;584
kcw;259
idy;45
gwu;25
ihi;546
exw;169
emi;102
mht;225
nui;343
bna;240
mac;885
fos;401
cib;568
ilf;706
hic;428
mlz;280
jgl;616
gew;463
orq;344
gsw;787
oge;806
mgo;15
bnh;747
djo;973
fnj;794
opo;555
air;717
hnl;458
ock;376
mky;105
obf;821
jcg;155
aes;875
ots;849
hwc;622
mnw;698
kpu;551
aoi;132
nie;714
hdc;240
gjv;862
crt;449
kgi;350
kaq;826
aiw;639
oao;25
hbb;641
etv;365
jrc;48
gus;408
cnu;793
btj;926
jkh;386
fxu;17
igj;806
hab;251
avm;274
dhm;315
gvn;812
dsb;748
jbo;385
gxm;136
fas;269
fjy;940
frv;361
faf;207
ide;89
ghp;777
ixy;847
mjs;422
ler;892
dof;838
osh;512
igl;417
bjp;10
fnv;16
eww;43
gzt;635
lnc;458
nbj;351
ljc;632
jpb;330
lle;172
fva;144
mfm;909
aqx;129
gsb;938
hlo;758
iwq;891
lkf;580
iar;464
akd;886
dhq;746
apq;599
kfw;897
cew;366
mhf;346
hhv;920
cal;74
ene;763
dli;756
fjr;453
auu;578
cbt;39
dlr;803
hvx;733
fcx;195
bfc;155
lor;445
cyx;966
nmc;113
hex;444
eeu;825
ign;554
lzt;438
fte;592
mst;767
dja;18
fpz;563
cta;785
hyy;727
drj;284
eai;683
dxc;459
cjg;160
els;554
lkr;806
kap;91
jbr;571
lnx;47
btq;445
jqo;931
mjx;763
ifm;509
etl;825
hgz;662
oed;758
msi;987
fjd;853
eem;388
npl;460
cst;740
olc;990
mim;674
cof;748
hfv;155
hzz;431
lud;714
exb;308
lpo;625
mcd;244
fpm;701
orp;173
ckb;975
bhb;930
eqq;631
ejg;93
dcc;787
osd;114
att;29
myh;932
lzv;105
bwt;705
mgy;955
ias;550
nmu;165
jmc;26
cdr;835
ohw;270
omu;17
hhw;964
fku;2
fei;684
cga;942
gxl;657
ivy;31
ims;555
nqj;31
oci;938
jqw;291
cpv;98
lxd;846
hdp;425
msf;21
odw;430
miw;35
nok;347
aqu;363
hjt;951
eck;997
aab;186
ech;645
mbo;603
acp;684
nxj;769
gur;499
osq;461
bby;524
cox;868
gcc;580
kny;526
iyd;610
mtj;958
itb;569
nig;303
mrh;522
din;192
hsv;825
dsg;232
eju;765
kwg;122
abt;704
dfz;407
ccu;611
lft;278
eph;624
dmo;979
lgc;611
kcv;718
igd;716
fmx;548
amz;589
mvs;913
jdc;273
ane;413
grh;495
neu;965
bxi;138
nrb;542
bdt;185
dap;844
ehb;496
fub;371
jpj;643
oar;183
kmt;93
kst;164
lvj;537
mkt;371
ipp;22
hfj;206
kzc;158
erk;837
iwd;265
hqz;521
cun;867
dma;669
lhh;543
nbe;859
mqb;307
dvl;292
cff;827
jgd;405
hwr;792
mze;165
ebd;310
kot;675
fex;71
fhx;724
nzl;581
fhn;528
bzl;644
mro;212
deq;23
mdl;233
lzn;110
hke;523
gkh;811
ngd;17
bex;643
jac;919
nzq;275
hkx;672
exi;391
osz;137
mgt;509
hjs;838
kws;734
bcn;371
kov;676
byf;671
gov;156
mti;620
bag;144
etn;193
icl;95
aog;946
acj;752
dan;514
gko;458
nos;764
cgj;655
afi;558
fmr;107
mvy;546
cla;341
bqw;662
nmw;37
jox;844
lnj;94
kyk;279
mpr;823
fiw;715
asj;497
oof;71
mir;140
nub;252
ldu;302
jfl;364
jjr;132
djg;641
jjz;438
njk;248
nxn;952
eas;375
csh;864
nbs;791
hvm;481
hwj;986
onf;111
ghk;626
lza;139
jvl;366
cft;88
cno;643
grp;692
eco;805
cnq;112
izl;511
ojc;898
kis;156
hds;767
hif;152
aqz;581
nbx;477
bwl;325
lda;624
cbq;730
nrt;192
ahh;377
are;563
gjz;439
dqm;382
bsy;228
fdy;29
hda;825
jwz;924
hpz;648
men;484
kcg;57
mms;700
bur;422
nzv;913
arr;579
ewx;341
mfs;956
jpa;286
dnb;980
aqq;551
ecv;469
msq;929
lot;5
eor;464
jwv;845
fux;305
fje;267
csz;92
agz;879
cmh;9
afc;217
mkx;806
lbo;622
bmc;984
oht;826
dfv;329
cpc;409
dai;272
guh;124
iwe;167
dbb;506
cih;607
fhr;859
jmy;69
lpg;547
opi;863
kbq;703
nyc;379
gid;240
fkj;859
ivb;610
khb;499
jkr;439
esm;345
nqp;337
kxw;663
iqo;984
fvr;767
cwq;906
myj;300
kak;121
fbn;197
dlj;470
gpu;177
eyb;62
gqo;800
aig;212
gcw;626
ija;965
aie;904
lvm;58
ipf;890
cim;560
ggh;252
nma;178
dkp;454
aei;256
oid;561
lim;256
mwu;498
hgw;879
lrk;965
iky;261
lsr;960
gfu;207
eqa;172
kkk;743
lcw;577
hrl;957
kvq;166
cct;587
grn;448
mkh;540
bcb;99
dch;702
chb;320
dwo;393
nch;720
mqn;299
kbs;954
jml;504
fco;709
dtp;496
ekt;882
mfg;603
hkb;734
ksw;369
gra;228
ejj;46
oke;308
dhj;956
kin;310
buh;107
ggu;450
foq;126
keh;522
fhe;793
igb;408
okc;405
jmb;623
eok;362
mtu;830
blx;536
lmc;198
fjm;534
efg;526
hvt;579
nws;446
avn;291
ksd;209
epd;754
hpv;400
exo;850
dvx;705
ajr;122
gjt;497
doq;348
mnh;555
beh;224
cji;307
jim;995
jak;859
goc;719
enz;608
jii;943
lkg;173
jmm;897
dgt;672
drx;925
csa;684
ilj;96
huj;407
eag;518
mqg;711
npy;760
nnk;387
ldf;698
hyg;769
csr;553
lnq;999
bnp;480
lbv;154
chz;212
myl;440
nrq;962
bhh;71
but;29
asy;999
dik;310
oon;906
fqz;488
nul;304
hgi;481
cza;825
lik;481
ncm;509
jxv;548
omq;47
eee;456
kid;201
oca;537
czb;135
esl;36
dir;774
giz;580
awe;750
jov;271
bcy;949
jbi;638
hdr;625
gub;610
oeb;56
hpw;688
efa;892
akc;841
fem;580
iqu;440
omm;191
cju;629
biv;182
aaq;461
bas;656
baw;718
mgq;168
fze;618
eun;237
kdi;507
dvc;635
odc;167
hob;185
caz;935
mbz;928
dcm;467
eev;183
mea;53
crv;663
jql;965
iaz;773
dju;811
dwx;233
liy;58
bzp;412
ikn;360
exr;178
egj;339
dnr;661
iwp;91
bae;17
mzv;738
crq;212
nys;350
mvn;659
kyb;12
jiy;197
cmd;903
hul;908
nug;100
hcv;546
jmf;416
ajn;887
hno;39
kgr;430
jua;913
iqm;66
jcw;6
iob;385
emo;464
hak;924
jsw;259
ava;569
aud;236
jok;82
mfu;8
iax;498
bbr;376
gbx;511
okt;916
afl;145
lkb;859
hki;855
erf;974
ghu;474
lra;349
emg;844
blh;380
gmy;734
jwp;790
olo;579
ktc;563
iye;828
cht;946
cuv;902
elr;988
abp;63
ecc;155
fcy;832
kvh;608
mbh;822
eay;275
bvh;849
adv;960
cod;351
jwh;180
nzm;40
lxp;204
fzt;496
ooe;197
ino;548
cbi;653
jwr;142
kvy;794
mup;120
gbn;631
mof;149
gld;242
ize;617
czs;316
oey;44
ksx;494
eld;174
hzw;467
ewr;635
fnt;932
fol;769
eqf;270
dyh;12
lly;543
jjo;534
fbz;746
gbf;919
lrz;5
mor;865
cve;690
cxj;288
okh;440
jco;143
kci;736
hjq;258
jdq;639
fno;251
dgv;895
fzc;390
kbj;743
djn;967
jbz;176
lvc;4
kyh;679
lsa;303
dvk;943
ldr;714
blc;727
azv;225
cjq;435
nnr;974
bqi;194
nvu;501
dlk;70
mlm;462
iqa;302
get;531
oai;1
afo;33
ngl;238
bnm;714
egn;908
kyi;476
kdm;190
igx;12
hli;415
jnt;115
mkb;111
box;548
mmt;530
fre;591
ayb;599
hlm;12
gqt;916
aet;92
mlp;658
gcl;398
cln;177
juv;769
nlb;545
jyx;915
gwr;404
ivd;594
dhb;702
gyl;579
osx;82
cio;426
and;467
joi;792
gbd;400
ckt;173
cwg;716
dzm;559
kog;631
nfc;712
iwb;498
cfa;254
cgd;54
gdk;869
kbm;790
dvu;394
jkc;422
hje;139
odj;431
dif;917
icw;842
iiw;518
dii;767
kcy;263
npu;129
inx;666
hcs;322
eer;416
moo;544
ibs;273
eyd;878
oha;190
ohv;829
lcm;617
hdg;333
kif;318
dyf;182
htl;228
amv;445
gvj;876
igf;43
kns;368
bug;122
ebv;587
drv;831
jfe;117
ajc;931
ivg;595
jdj;505
min;24
dlz;882
dei;189
llz;6
cgs;249
ijw;133
bhq;747
acy;44
idj;151
kob;156
jee;50
ayr;923
naw;867
kkb;166
cyh;143
dka;469
hyz;716
kiu;541
mjg;29
azr;511
jcb;649
cbu;41
dgb;374
ebr;218
jbw;795
nxc;848
fvu;223
cyn;733
msa;660
kna;589
nuw;652
hqv;544
nsb;903
mhk;384
gzh;501
ejh;194
mrm;95
kds;23
hrh;563
mho;953
gmi;35
jei;993
dun;498
eop;602
alg;88
djt;798
koc;518
fnf;50
mdp;613
cjb;770
cmg;660
amt;954
mxz;548
eji;238
nzi;594
njg;17
itn;802
jej;802
dmd;159
hji;614
ghq;546
chr;510
jaz;17
fon;464
kcb;121
mbi;613
mzd;983
dsa;782
ljb;598
alf;432
ath;358
fjv;696
mxo;458
abo;672
afp;198
ivw;610
kfk;793
dau;937
nag;717
gnb;643
afs;568
okk;422
lmt;489
cas;349
fxd;35
kzs;858
hcw;916
fac;887
imz;243
itu;103
blv;129
cyw;222
koe;697
dbw;323
aka;784
iul;454
opn;153
kgw;324
eez;588
knj;919
kym;561
cpo;560
mpt;485
dtn;924
bie;746
ikx;751
ima;11
jne;274
iyh;977
mnl;83
kih;886
isc;836
jbu;136
ano;42
bvd;765
gkn;490
ocj;432
jfs;533
eol;248
njj;28
lpm;869
mqw;86
kmv;449
hck;220
isr;415
bcd;118
cuz;324
mre;153
oul;101
dyv;178
aap;785
ley;301
has;425
fbv;480
adn;622
hny;902
got;480
ndo;838
mhm;958
jfr;219
iab;234
jxw;202
ids;125
abz;491
mae;770
gny;238
fqo;253
nve;624
bdh;659
lrm;956
dbf;768
czn;516
lph;541
koz;686
iit;758
hnt;363
ays;872
gbe;209
ihq;565
kyw;275
oeo;484
avw;750
hvk;607
jqb;122
fyq;814
kjw;356
huv;521
evj;327
lmu;723
luq;424
nak;676
fgr;687
lce;961
jgg;2
ntb;642
eex;1
jum;790
ncx;446
del;989
ckg;477
nbq;312
com;302
dew;735
gyw;803
gbt;341
jka;518
ikj;89
aor;554
fjw;700
bal;888
jet;254
fce;614
mfy;222
bvu;854
eut;857
etw;680
nqa;609
kyz;528
isl;828
eoy;820
kiv;211
lqm;18
oij;35
fel;108
nec;39
lsw;371
oae;862
bwo;55
gzg;753
jlf;692
gvg;951
gkl;907
ell;803
jjk;431
moe;906
dkq;308
bpb;205
ncb;498
ail;679
bcu;892
jzu;784
cyq;922
lzu;280
amn;543
ddg;885
czj;94
atu;727
lfd;481
czy;312
jdt;608
bbx;301
iuw;50
cro;803
ebb;116
gta;198
hbw;164
ffx;731
jtp;8
eve;249
ewt;320
hnd;131
ipd;693
iqw;826
kus;363
feb;958
otw;214
int;156
dba;72
opu;764
mxf;972
dce;929
hnq;687
gup;591
gzr;49
ent;462
acf;978
foi;408
fak;712
gcp;460
omf;582
muo;279
dcu;364
bwi;83
dis;244
dud;133
nzd;267
gpg;672
lgm;38
nwq;416
lsk;92
ilo;254
jgr;307
mmg;77
jcl;181
cel;121
ltk;395
mnu;685
gpo;542
acs;732
irw;293
ney;937
oiz;533
mio;550
nin;437
jem;946
gzu;692
ihs;183
dwl;227
oeg;137
aed;56
cns;498
awd;93
mjo;736
hbj;5
hiv;534
bcz;763
byv;108
hus;285
hur;651
ecp;116
nvp;500
lis;165
aup;504
kpe;712
gpd;787
bib;908
cqu;643
cmk;131
dko;162
blb;104
cka;340
djk;225
mlr;601
nbh;928
bwe;449
lqx;19
dbz;238
mdn;803
blr;986
oqu;938
dvw;875
hks;95
mxl;124
oop;457
acn;637
lgo;493
obe;180
egk;76
fnl;56
kvx;97
naf;92
dhv;351
gvw;15
bmv;340
mdu;697
dro;48
fkg;772
hwv;349
bqh;777
nlu;672
fiz;520
hhh;612
kwm;321
hml;868
egs;861
jbq;998
gyy;277
ohs;741
jkq;794
fqq;948
nvk;74
lyw;755
hkk;536
brc;580
ncl;338
nwj;681
cog;657
nkp;272
mfx;244
bwq;120
fef;617
ifk;685
gcf;962
anz;198
coz;999
odd;695
fuu;580
ebn;535
kqe;57
fax;291
nnb;613
jwn;905
lzb;751
hkl;696
agg;410
bhn;700
bou;196
jsi;596
orj;320
hgc;906
noq;845
boz;8
cwr;847
aeo;265
dxi;594
cub;438
gxi;49
jhq;979
caq;113
ibt;334
lev;189
aaf;343
kmz;472
onv;385
hoq;41
kdw;430
jxf;307
cri;535
bzu;59
nbu;789
fug;150
blu;832
dku;371
agy;254
mom;109
afj;279
elf;79
fqc;345
nev;172
myz;216
epr;16
ehm;378
ofq;401
lpc;841
lia;927
kti;373
fwu;918
mel;17
eob;47
csu;545
hyt;853
fvb;849
ner;391
fuy;853
aos;105
mkj;282
ogz;194
kxd;828
hpi;584
jno;669
krl;325
jil;853
gtx;949
boq;28
gzo;548
nmx;889
fsq;279
iaq;608
avj;565
nbb;24
krz;292
ald;464
fcq;115
acu;662
jqm;412
ayg;882
lom;600
cfk;542
kkt;934
mjm;649
gmr;751
mnd;410
hxo;397
kbh;79
gti;763
jyv;273
hwb;373
gog;991
bwh;381
ngg;265
dmz;937
fwy;743
kgj;935
lbp;114
nnf;637
hzy;326
imc;333
hww;315
mcw;300
drg;451
czf;790
jug;571
mwo;409
mxp;685
itq;764
lny;488
lml;118
nef;765
fai;387
ihv;763
nwr;657
oco;826
joc;996
awa;245
aqb;690
fhb;954
iba;597
ejb;130
anm;808
osy;846
cya;25
gmd;4
lzm;574
bqg;414
aef;297
gsh;880
gwd;691
cwe;484
ojr;123
otb;637
mha;234
mdb;678
kaj;166
oto;594
mjh;760
mwa;788
cvd;318
oqy;399
ndh;215
mia;151
mhr;323
lav;684
nba;509
lqn;169
dcj;892
eal;837
gry;239
fov;459
llc;499
lhz;102
jzb;444
hri;30
ktd;138
htj;738
bjb;841
gzm;606
ktm;510
mfh;160
enh;466
jpf;586
efi;291
mev;534
kcd;23
bbl;770
bfw;783
kib;762
ict;676
ipr;884
hfw;629
krj;391
bza;168
eym;613
dzn;672
bip;678
ihm;795
gwa;214
fgw;735
abb;513
cny;929
gtm;726
mdk;418
bbj;945
mqu;870
lxh;618
jtn;771
czd;153
kbd;593
fep;63
npc;804
cok;873
kon;938
hos;652
fwj;869
emp;75
mpc;616
fxb;860
jqp;600
fxq;242
amm;966
klz;645
keo;128
gjf;961
cjf;604
ldk;443
ffc;404
atx;112
ete;749
fcu;460
iib;502
ioe;349
ahb;843
bje;349
dac;116
ala;857
izo;935
gtg;871
fry;664
hlb;679
kun;196
frf;843
lmk;489
byz;124
ono;579
kgb;421
lte;469
ahx;752
ebj;56
lrr;81
jvb;798
ijq;938
lam;164
ldl;22
gvv;633
ext;387
jlp;669
hqn;767
nop;393
ipj;482
fiv;158
hrc;434
ixc;705
bde;347
dbi;190
gxx;320
mwz;692
gua;255
jxb;973
opy;6
hkg;494
esh;895
aob;673
bpy;879
bvq;612
gfq;453
ftr;731
hci;243
cvs;212
fly;533
jtl;426
een;28
mlo;597
bpe;943
fdm;575
aqv;112
hva;923
crs;637
ieo;534
agt;721
mbj;773
ktf;81
jwb;144
ftz;885
kaa;497
eap;987
dzi;842
bge;544
dcr;69
bdp;488
ljf;380
cwt;131
ivj;961
eoc;421
nsj;210
ddq;646
fbg;346
iqn;141
ars;363
fsn;494
ipe;315
lrd;132
dqj;513
khd;400
egm;746
jvp;164
jba;134
dmk;842
ffe;897
alq;597
jja;251
jae;721
oba;164
kea;7
atz;382
ote;886
oll;43
gvd;986
far;633
bow;440
mot;865
nrj;812
evm;425
mmv;869
bdr;631
cvw;77
nqy;956
gak;193
odk;869
hdl;173
ibe;614
ebp;829
clc;305
klo;910
ksb;718
bfb;450
gzy;360
lfn;486
han;368
gkd;85
jav;440
cav;188
kdo;935
bvr;659
kvt;399
nom;460
ige;919
nhe;763
gai;571
oeh;500
bfm;235
ggs;16
mab;168
jps;457
dmh;948
knn;149
mtq;566
nqc;320
hku;177
hvf;643
eya;620
ktv;365
bol;164
mna;111
ojh;972
eaq;181
jst;155
jye;253
eiu;735
djz;60
hzm;394
cth;880
kae;429
gve;596
jnh;614
brb;345
gnx;317
gau;230
ffm;110
hqk;500
lcj;184
kit;520
kox;287
jsv;934
mes;792
dnh;908
luu;133
llw;899
mih;171
kzl;692
mso;175
hib;510
dqa;697
fbe;121
jxx;68
cts;468
bcf;353
lpp;767
aez;924
mxy;107
jjl;242
hth;705
aen;832
ljo;802
glu;506
fxp;931
fsm;847
dqc;538
jlj;632
ldg;27
axy;480
ife;641
hbq;624
jge;308
hqx;4
mcc;582
bml;267
ijd;953
dvy;217
abs;397
kvo;824
gzv;643
bqc;964
dkd;338
blf;48
lgu;971
fra;115
bmh;551
gnk;339
nml;283
gbg;704
gsl;486
iav;700
mty;178
kty;686
exy;548
kjo;373
axu;58
kqw;538
jjx;303
dsv;367
bts;14
aln;181
hio;184
kfo;716
gii;200
nuv;212
gin;242
ojz;476
muc;228
emd;961
mkp;433
hxq;534
liw;417
aau;265
itl;265
cnb;211
ipg;362
ilb;561
nzz;199
dea;548
lxw;421
nxd;551
klq;302
eye;481
deh;517
irj;605
npd;311
kmy;481
apm;758
cfh;211
gmk;701
kdp;19
fvs;831
beo;573
bjq;916
eqd;126
kud;321
hht;884
niw;564
ezl;999
hct;60
ooz;399
lzr;604
gqv;296
mfw;510
jol;703
cda;518
bgb;609
bms;729
kes;611
ije;626
epb;617
nni;655
kry;967
bgw;35
dme;93
opl;513
eux;151
ckw;246
eey;279
ixt;469
ezj;86
ddc;999
dtf;428
hsy;495
cxv;652
ged;375
dgw;594
drc;908
fzy;156
mey;782
dln;911
moy;15
jrk;560
btc;614
dph;86
ayu;403
gjn;376
btr;328
mtp;676
knt;189
guf;424
fyb;614
aqr;151
dzs;741
ahk;615
grc;988
mmz;215
hoz;308
dmn;987
amy;838
kbp;359
imq;476
dyk;192
hej;713
lqy;578
gwj;519
luj;989
ixo;621
epm;112
bjs;393
ice;627
apf;864
fkp;547
fwk;247
khk;725
jlz;312
dcz;853
mbd;458
brz;24
mxb;772
kgt;310
dqk;937
nih;322
jaa;920
njv;440
lbz;539
mkg;417
mui;495
lss;348
jsc;591
cbd;910
ggn;667
hkr;77
hvy;995
adm;694
lhn;203
gir;707
dzz;161
oaa;296
ajb;589
lld;532
gwk;588
mgn;310
dyt;796
lao;514
exq;642
ajq;994
jrv;799
afw;856
bco;443
fdp;300
akv;532
gch;418
flw;8
ouf;838
oag;358
nim;361
ggb;555
liv;198
ndz;421
jau;963
kdx;111
kfq;75
dih;874
lct;852
gts;614
ldv;829
amb;181
fxl;390
feq;320
ilr;611
nft;221
lxj;633
mrv;833
jda;143
bks;957
bim;385
kde;553
myx;764
jwg;213
dmu;640
ios;336
dda;191
fbf;853
lau;896
bgq;98
okm;854
aoy;311
mat;824
ecm;604
osl;511
lgx;941
kvd;783
gek;520
ctw;736
inf;476
cng;377
kjb;182
dpl;599
erc;856
bxh;623
arb;129
hxs;931
ijn;504
eaf;339
mqa;484
ded;743
jun;767
baf;340
krf;822
kxu;597
dnu;500
ijt;70
awn;503
gkp;787
oje;862
bkr;228
kfl;992
clf;280
ier;657
onw;372
csv;776
eep;400
gfa;912
jbc;225
nnm;867
jfb;966
baj;890
eqs;797
bgv;164
jtr;191
jli;369
lga;169
mjd;109
oio;204
kuz;563
nqz;545
esw;68
llk;892
hqe;991
oac;919
ify;620
dta;645
kxr;982
fcr;181
jgh;329
hut;300
htu;920
aac;367
jur;501
jnm;650
atq;7
jef;736
ktg;696
lze;538
cxp;880
kwd;343
ori;247
eig;106
ini;530
lds;487
dwn;819
jam;12
gfp;406
akq;301
cbv;546
jxn;558
hwf;449
eid;954
cjk;883
ekk;161
cps;854
kgf;106
lpz;293
brs;486
izg;898
fpb;185
iup;278
kbz;469
jhz;804
odo;207
oku;126
hdu;246
bmu;84
adl;123
gpr;5
eea;654
jhf;224
itj;634
jll;559
lpi;212
nld;65
gty;875
ffy;685
fck;917
jld;985
mrb;173
kgd;269
mts;182
dkh;551
ioa;167
kzw;309
eue;562
anp;757
oiv;196
bpd;671
mis;126
ejc;577
cuc;696
frn;998
edm;89
oqj;103
leu;359
jup;422
elw;120
msg;689
fuj;123
ktu;682
fba;719
ldd;101
eoh;941
bjl;576
abn;313
ddh;328
cez;668
mdq;664
cmo;296
mbc;370
bqu;907
foj;514
odx;351
gpv;821
jhl;988
hbc;384
frp;429
bzr;244
neh;966
eci;367
fvf;318
dog;641
gtk;674
efy;465
ocm;461
nuc;783
jgf;851
hqt;52
bra;498
nwp;17
iym;386
eli;976
gnf;803
jnu;916
khe;486
iol;553
osb;24
crg;153
goz;343
dtd;530
iyl;86
cqy;125
awi;457
lvt;863
gct;193
bgp;379
ayq;240
dyb;354
epw;378
fuo;31
mtk;870
oic;638
klw;628
mvm;439
awu;761
dav;406
dtr;102
hhs;159
fwf;376
onc;954
ccb;372
ndk;109
hvg;63
awo;15
huo;780
agc;616
mpb;848
mtt;605
fvt;460
gyk;382
lzh;603
gjk;737
mzj;835
kbc;592
bis;993
nen;856
cje;954
fhm;129
epl;380
hwd;746
gsa;165
dti;283
hez;323
btt;574
aqm;492
hun;994
cvy;418
ose;631
nqv;407
iti;510
eto;286
det;657
jku;65
brg;124
msc;842
azs;327
hhk;158
bmy;212
lwl;131
nee;290
gkv;264
fej;348
epc;878
kmm;514
hoa;602
ewo;375
kjm;800
fqb;276
fne;902
ila;684
ito;175
bkc;105
mko;325
haq;289
nno;353
glc;457
lsu;514
juq;848
kou;140
aep;792
fao;908
mlh;300
iqx;725
gys;403
mrt;897
kxo;798
eit;536
hpu;943
mgs;332
gdq;703
fdk;174
its;833
hxv;360
daj;23
ibo;717
acc;713
jdf;522
jpl;34
dbd;685
mhz;136
kxh;812
njb;258
fft;142
aea;499
cfn;706
hdd;821
ftv;697
fjo;559
ewq;762
lde;993
lic;64
nrx;560
div;522
ods;926
kxt;8
dvd;282
cyp;737
dtb;74
asi;47
bvo;454
cvc;235
ohm;622
ofe;414
arg;435
cfl;211
fqn;324
epa;327
jpz;766
nyq;439
ill;954
eaw;219
klm;375
csk;949
jru;611
ibu;425
bkd;792
orr;828
awm;379
bxr;26
icx;379
kxz;598
iqf;936
dex;106
auk;704
crj;565
iwl;517
glf;884
ccn;464
kcn;437
mnj;274
gap;649
omv;281
ijy;690
aey;536
kbu;606
cql;391
oik;249
nny;822
ckz;304
ege;619
hop;421
dfg;780
lfj;497
cjh;86
ofm;843
nmn;82
nhx;294
jzw;675
kru;644
fmm;720
kzv;236
boh;377
dkv;403
lkv;731
njs;935
lqc;764
gwn;665
gke;437
orn;543
ocy;665
glk;559
lwq;682
jto;32
fdg;760
egl;573
gst;916
eqr;423
dpb;367
nwy;698
cmm;791
jws;583
hjc;864
lvo;425
jsj;851
fkc;698
fuc;131
nau;374
adz;128
bit;317
bqy;66
bhs;802
bea;884
cqb;986
ivh;636
nlm;62
hfe;732
gxr;37
dus;392
beq;912
bgc;775
orx;506
kzk;876
lqw;415
mxe;913
huw;310
fay;10
ezf;27
ajf;133
gmt;844
kza;111
jdg;726
khx;505
ekx;284
hqq;272
gxp;618
onn;367
jkl;533
drh;797
aih;143
bbm;47
mwn;762
mnr;87
hrb;498
jfp;409
knh;812
ilw;260
bhp;540
imh;110
dyd;565
enr;448
mbs;634
aoc;299
bjk;418
nvg;18
bus;936
jrq;230
eyx;888
hxm;503
ltc;793
ckj;919
fky;280
hws;707
niu;810
nwk;194
fii;382
gwo;398
htm;844
bcg;731
oji;637
mrq;230
inw;674
brx;75
fxm;887
eei;495
kxb;612
lsg;602
mby;281
fyo;196
llj;267
ipq;44
dpi;887
ocv;619
jxm;286
ehs;523
afq;29
dxn;451
imp;129
nkc;19
kyr;391
hja;997
dqi;389
eba;467
mlt;688
mzf;694
izy;663
lyf;280
jqq;69
grk;723
evn;958
hts;599
ann;623
lfm;219
dek;876
jke;715
hms;714
fmk;545
jsf;362
mdd;635
mki;648
mtn;685
ndx;217
ear;729
bki;878
gvo;100
eyg;834
mcg;240
iad;306
ayw;205
nzg;822
bsm;55
hqj;91
eht;478
aha;440
hay;539
nex;301
fxv;428
dpg;295
lqp;406
acm;403
mxw;655
fpf;819
iqp;147
cxl;45
nsp;827
hgf;601
kzg;124
agn;753
ddx;106
kmr;642
hym;88
nrg;647
iuh;126
bla;548
iep;766
cxt;572
ioh;543
chv;805
blw;602
ifr;182
ogn;894
ngv;507
iwz;528
def;251
muz;258
fkw;449
ive;309
bgf;692
mjp;866
mie;472
hwh;309
irv;565
nqd;587
byg;806
oaq;970
bqr;784
dos;411
kze;340
oju;880
gyv;997
jqf;110
cfs;730
kay;471
evo;651
akf;880
igo;94
kbt;364
afd;357
egd;890
ayx;613
hsz;581
fbh;420
fpq;901
abq;385
lbt;220
khp;363
axl;924
awl;468
fow;520
apy;21
cei;733
cyz;153
kkf;713
gka;146
ctj;333
aww;674
ktr;369
kwf;409
jry;428
meb;578
ibn;128
kmw;490
jnx;876
dtc;645
jci;218
iyt;207
kxj;234
hsb;16
mlw;736
mfd;255
hch;520
bju;605
cyg;81
loj;731
mvt;606
hbk;520
gyg;732
hse;932
jiq;666
kye;223
cls;850
ewv;712
jah;730
mqe;643
goh;195
jwa;511
ivl;504
kgy;357
oni;372
lnk;688
oab;8
nxe;538
eak;614
mgf;548
irb;626
oef;154
adg;103
lov;445
muq;80
nwa;252
jhh;960
btk;974
orh;450
bto;308
fti;347
nhq;547
mtv;399
ewp;189
cob;485
mbn;397
fzr;279
hls;757
kho;553
lpq;500
abc;441
lxf;114
mjz;998
inm;977
czr;128
ehi;909
epp;170
ger;460
icg;102
dll;435
jlu;884
abw;224
hwk;201
mbt;845
elz;325
jmw;423
gee;708
mma;263
frl;676
bno;614
htw;125
dvp;393
edn;276
jri;450
lyk;716
lef;513
ezi;36
dzx;5
ies;728
jwx;704
egu;462
doz;825
ixg;257
him;276
fkb;66
lji;329
dkr;292
byj;781
hnp;631
dmf;399
mtf;799
fqx;821
ldq;169
gcx;890
ixv;37
hyq;445
mcn;340
cgt;666
bvw;949
jls;104
gou;977
cqs;668
cqz;544
eyq;392
gvr;835
dfs;164
chn;163
mxq;442
lvx;808
hrx;945
htc;199
iug;659
gjj;285
kjn;892
awr;24
guv;147
ixe;646
how;847
bvj;423
lbu;819
ikf;86
nix;655
fnu;148
ckm;126
jiv;350
ggw;832
mmw;701
bey;124
mnx;985
jzd;275
hsx;641
ddd;680
don;409
feg;46
lbh;3
lgj;56
dmi;656
aam;444
iux;909
eqx;538
emu;527
jfh;22
fey;348
hcl;172
avq;755
ecf;837
kkw;958
jxe;932
ogw;342
ilc;60
hog;746
ceq;21
mvl;131
cvt;212
hqu;57
diz;960
crx;386
kod;265
dar;270
dow;927
efk;211
eqh;563
lmq;855
fqr;186
ffa;362
msl;521
ceb;865
fhk;162
gav;355
lzo;369
czt;806
kup;842
mfa;824
euq;147
axn;387
ajk;357
hxk;79
kzm;107
jyh;340
cqn;717
bzx;469
npt;655
ebk;532
cmc;577
mlb;585
agx;379
idv;790
cer;366
cqh;368
hfx;488
dbx;662
nrk;399
mlg;179
cdd;370
duu;931
ojv;739
ogr;692
cwh;788
lwk;989
nfg;105
mpg;23
hou;973
ans;274
dig;32
bta;770
mam;452
ehl;441
oqx;525
nhp;579
nwc;679
ibz;521
len;461
lvp;822
hru;350
jpv;313
fve;484
cwf;220
iwo;570
fbx;354
hil;850
evp;983
ltf;345
jhr;815
bpm;618
dze;661
ljz;336
hrt;646
mcz;942
ghn;831
hcz;320
hxe;41
hsa;130
myu;387
enw;482
ecu;444
ehy;471
jzg;50
fqt;499
bsj;788
mdv;954
gnc;17
lkw;33
edo;637
ham;554
bly;996
gen;454
dfm;626
avu;608
kla;761
kvm;598
oun;545
fot;641
ncf;797
fiq;976
cjv;155
ivf;751
hbv;11
dua;649
apc;327
ggf;563
gxv;767
emk;469
mns;269
kjf;530
djc;908
cma;836
dmp;676
moi;159
kdb;58
jmi;333
dgn;128
hmm;281
gsf;748
lut;462
oek;622
jdo;333
jyb;363
ksv;300
hko;539
eqg;75
dup;817
adx;887
fzq;294
ivx;344
hmr;312
dpm;973
gwf;233
jhd;251
cqm;531
eav;196
goa;406
lux;638
ocd;35
gcq;857
kow;441
jfy;249
ohn;983
crp;535
imb;554
jbg;511
bjv;655
hsg;947
ejl;237
nbw;348
kje;963
ikl;179
byn;658
git;48
gfv;608
jkm;453
kab;843
bdi;554
cil;616
oug;493
jhv;610
orz;188
cgf;255
kij;634
crh;750
ggo;223
hqy;111
hsq;640
gno;161
dna;366
eib;988
gzp;892
gjc;294
byq;999
isw;275
eff;820
kyd;124
fad;736
avx;993
moz;986
iov;718
hzo;450
jyd;647
jga;939
kmi;485
cuw;303
laq;503
ivn;109
jsa;833
mfi;657
jom;55
mfo;344
asb;491
joz;444
atj;921
bmp;543
mwx;818
aum;22
deu;181
okd;734
bdk;340
hmz;440
icn;192
bel;987
lrc;899
hum;588
jrg;508
efo;385
bgi;569
kpq;558
cyr;260
fri;201
cja;762
ifc;459
lbi;624
ijf;852
hjv;215
gbm;949
aov;223
loz;123
bsd;244
oln;283
bqq;929
oau;436
ktp;63
cyi;31
czz;239
jza;172
fmi;750
bkv;595
ffq;477
gyx;738
gwv;123
kwo;553
kcj;292
eug;57
nir;569
gwg;109
oow;655
hsd;538
gio;167
gnl;977
hhb;535
fsx;520
bps;153
mlx;143
daz;819
ibc;139
aby;646
fsg;893
imn;941
nzw;965
ikp;474
jnc;611
nhg;634
ikw;615
kzj;441
edv;214
ghx;439
lub;184
nrs;266
hvc;975
jmn;645
msj;526
ggl;894
bpr;629
aak;182
jgt;396
nyg;166
enf;834
ejt;486
ehz;972
mqf;889
lxa;651
fwo;424
kok;853
obk;508
hax;167
kfv;485
brn;690
iwj;187
kpv;964
gfc;398
bej;363
jlg;382
bof;801
axk;332
fll;961
jgq;282
ltb;6
jch;745
olg;322
kqx;72
etx;995
nsd;251
exg;341
boj;277
odr;534
isk;373
gpk;42
nfi;705
jxh;36
oiw;309
gsp;239
fsc;76
jsm;88
kmo;675
ihu;162
axb;662
bhf;805
ibr;386
cpn;374
num;256
llv;767
fsr;345
fab;889
jna;901
eec;191
err;760
bkw;130
mqp;926
ifq;658
nfw;585
fwg;58
mjy;188
fvj;423
axm;361
exx;337
iud;504
nsy;180
asv;535
ilt;91
olu;630
obq;51
nlh;183
gjl;410
mfb;578
fjk;969
ets;301
aki;297
idp;651
dhx;560
flj;420
nis;48
dxo;148
ieb;983
ihn;442
dxh;145
knw;51
jpp;860
leo;360
anb;914
fza;981
hvh;922
iyy;936
fht;136
nge;270
lvs;528
lcn;78
nci;610
ned;996
ewu;991
eni;435
hti;647
inh;292
axh;879
ctn;437
hub;211
myv;279
jmt;363
ilm;900
bgl;809
mei;776
lbg;456
mhq;431
hzr;737
hii;881
ljd;464
ffi;174
cdm;154
jkp;738
htr;5
bat;785
htq;929
nqs;929
mhu;889
jvc;444
hga;921
nhw;203
hnz;813
nyd;721
iwc;513
jhs;241
mft;326
iom;720
epy;967
dto;299
ghl;402
cwx;218
gru;849
cef;818
iwx;108
nlv;861
ghj;350
fik;588
cat;331
dcl;737
efl;81
htd;302
jpg;7
ijo;839
cnd;689
cqf;86
duj;591
hzu;751
fpv;820
kxf;328
nzc;535
kto;377
fir;10
lgr;421
dhd;17
foo;617
klj;738
iph;917
oft;685
jzo;988
brm;325
hkm;388
lsb;515
hjy;414
lwo;87
kvg;663
jjq;923
dmq;392
let;64
kfa;519
joy;161
hyf;430
gdc;244
had;840
cdi;578
cye;179
iql;366
obb;857
bfo;229
fyd;854
jgp;0
jgm;445
fiu;173
ems;952
gnp;113
icc;167
cvf;595
ijz;188
awc;648
mra;431
hpn;451
msu;595
mld;118
mec;953
gbq;424
coa;438
otz;389
cfv;339
dvn;592
aiq;482
iry;940
iks;555
bty;180
fbj;308
alb;458
akz;11
cba;214
ntg;601
anh;414
elk;851
gab;843
jyu;585
axo;401
jse;731
itk;885
mll;411
cxs;145
idd;702
ezt;361
lbj;766
boa;707
kko;235
cbk;334
mqc;236
fnc;382
dwp;432
mud;209
jzi;565
jvr;779
hzq;119
ofs;662
hev;976
iur;564
amw;171
mjk;605
dzd;18
dfi;503
lnt;879
isg;972
maj;897
ddu;866
onp;979
fzh;723
hpj;701
iuy;870
cwu;630
nwl;965
ili;183
jni;518
mfz;177
gqq;43
lkt;762
lhx;770
mfv;866
jbv;117
edz;599
ciz;984
kue;523
lxc;697
lwd;518
nvx;868
aou;587
kcc;135
gkg;387
hfs;134
ojb;146
lws;781
ick;216
mjt;59
nez;959
gji;404
dbh;109
ipo;86
noz;834
fna;567
mbm;919
nns;59
jcc;256
nit;297
gkx;520
kfd;877
dbe;161
avc;631
oma;233
mwt;167
jfx;702
dco;92
fyz;274
aqe;910
ibi;348
kvf;619
joa;211
jia;596
nyv;332
nxw;616
fjc;611
iia;628
blq;526
jhu;362
ddb;185
blz;903
gho;356
afa;692
eno;87
elx;208
htx;888
hdv;135
dux;430
hbz;825
dbs;150
jyf;667
iiz;286
emq;487
jdp;51
jqe;735
gsq;990
hfh;125
ixu;579
khv;931
aul;882
mkz;88
muj;468
afg;734
gqd;229
byx;986
ehd;206
nzn;522
czw;708
jrh;534
bdm;840
kvz;619
npk;229
iot;673
hqb;197
bhr;296
nls;2
fwe;825
hmp;489
obv;131
amc;688
hnx;21
akb;480
ncs;561
aty;691
icb;602
dri;134
man;356
kkh;813
cci;263
nbv;198
fwh;529
ffl;547
euv;506
bvk;873
ezk;621
jec;331
ccj;843
kjg;720
dtl;522
kpa;977
hgp;864
kkx;532
etg;293
jtw;697
bud;963
adw;836
lpt;532
kts;754
ahw;534
ato;246
ikg;35
fks;919
cug;239
chd;985
ael;962
fsz;366
bfu;958
gqk;381
iws;995
jan;114
dkj;449
jbx;140
kjq;331
hzk;753
ame;536
fko;53
iaf;890
ngr;240
osn;429
ffj;792
lfr;175
dlp;34
job;542
ngq;829
hgv;99
bvy;485
ipb;777
mnm;713
njt;417
cwp;892
fpg;626
gtj;248
csf;39
ibv;966
mth;529
arw;166
avf;961
bov;879
fmq;21
ahd;372
nvd;569
ema;880
fer;110
jzc;533
lmn;702
dyo;284
fpj;869
gky;632
oub;108
olz;487
opx;181
mig;163
fmy;93
khn;454
kkp;658
cax;77
fhc;549
oui;413
nil;673
dsi;952
mpn;849
ert;607
gft;669
cvn;357
clp;102
nkg;682
ats;15
bph;781
ejm;998
dfu;202
cnf;54
ejq;473
bom;328
art;741
jlk;93
eeh;430
bbc;469
bfp;156
hhi;414
nzj;576
irk;456
lmg;307
jnf;701
gpn;208
luw;389
kig;183
idb;459
kcx;785
oqk;730
act;527
csn;265
juy;891
mzy;345
jva;760
lok;907
fbi;94
izi;977
alu;404
loi;867
fpc;115
ijp;826
oqi;371
fqv;490
nes;939
jyo;818
ogo;237
eat;553
grf;454
hom;916
kjl;393
ezy;873
ndn;86
ffs;26
nuj;298
hfg;516
dbm;198
lwv;375
fdz;52
emr;900
gtw;639
kpo;865
dgh;371
cuu;814
cbf;544
fcv;701
jxr;409
jfa;809
nzr;955
jlb;559
adb;8
anl;584
kjd;95
jin;920
gtt;759
nfx;284
fqh;305
buy;181
luo;688
eqw;571
dlb;297
hlz;651
deo;757
ohf;637
ncg;485
bgn;144
jhx;681
alj;189
epo;330
dcw;549
fuf;397
byu;119
hrk;768
dml;217
nep;634
hmy;519
amr;108
cdj;118
kel;985
ipx;394
gpe;131
eyp;644
nre;201
euo;920
kcm;985
kqv;271
fpp;731
jph;454
hxd;308
mpx;888
axf;683
nlo;508
kyl;469
lfi;763
mzn;709
fgl;952
jrj;660
any;849
bwj;343
jdm;922
gig;988
khr;730
gmm;26
cip;919
eyn;384
coj;418
klu;439
nfp;16
jek;69
aoe;153
lwm;504
ejz;297
lfq;710
fka;55
hlf;377
olv;556
iiu;700
ise;534
aym;363
cem;554
obn;395
mmi;388
csm;413
fln;953
dkb;991
jnl;886
edu;2
gzq;138
nuu;241
cgi;566
diq;131
esq;619
jpu;647
dij;229
lwh;511
gbb;530
jvv;839
bzh;217
lrf;668
fkv;126
elv;726
eup;979
lue;705
hzn;787
jxc;192
ewm;394
bpc;266
lzd;81
ksz;878
etu;774
izq;870
gsc;978
neq;631
ncw;416
dqb;757
cjd;199
lgb;903
kqu;916
kxv;801
enc;166
djm;119
ejp;776
ogi;902
lox;295
gey;400
nqm;945
dpr;394
eij;873
jzz;415
jsl;890
iei;775
gff;185
ihl;755
iwg;684
auw;932
apd;634
ebf;167
ipn;600
dzk;254
kgp;62
fkq;845
igs;626
cxz;216
cjt;319
hpg;479
cds;303
hxr;787
kdr;71
faw;500
imm;812
afm;315
hkq;644
oad;327
kvl;665
epx;91
mub;421
lms;812
nhl;717
jms;79
iee;517
lhb;815
evi;937
cej;407
ikq;699
aqc;659
npj;371
jip;320
onm;798
oph;775
egy;603
ibm;197
jwq;877
cco;446
dje;326
fhq;180
awt;407
gbh;832
hsh;61
ddw;526
hsn;50
lmm;494
gvi;419
iau;235
nof;558
jtt;569
iyb;922
cdg;516
ngn;949
mke;592
lxr;262
iqk;0
bwx;961
fyc;344
kzq;782
ddn;606
amf;184
cab;264
iih;987
enq;978
lih;138
fgm;121
imx;873
jde;782
dwm;279
kyq;111
bxv;239
eny;996
lbx;389
hgs;481
clv;902
ogt;54
crr;531
guj;145
adt;135
ffg;934
mmc;666
gsr;240
nkr;928
hnj;492
mgj;811
lvz;541
hra;370
gfd;848
kwv;871
cqi;995
cly;408
mls;511
jly;762
aqw;155
izn;713
fpk;108
flg;687
hyr;152
jep;816
lfx;370
nae;111
oqa;167
mpw;367
irq;58
clg;496
hqr;570
jsd;180
izk;223
lco;540
bkl;952
jif;845
mvk;681
ckq;429
edj;917
dpw;843
exv;984
nea;609
ebh;793
kua;378
eki;699
end;190
lwp;52
kms;407
lnw;750
oom;107
bpg;61
lcv;782
cfw;184
gox;571
nxo;42
nye;248
ekl;572
mxk;759
bzz;909
etd;442
cwm;277
lwn;569
bmd;802
gwc;282
jqz;549
nri;982
cjc;189
fgn;336
igq;768
abu;367
fxt;40
dgc;66
bqt;773
lzs;186
dmy;138
ewb;307
kbb;803
cxi;26
ivv;288
dox;192
llp;396
ouj;374
jfc;157
cdq;952
ksl;197
lil;495
jcj;249
kmg;930
dtw;392
ewj;569
nsx;700
jbk;21
kwr;287
jkg;574
byc;715
obl;553
gya;18
dlm;21
atv;755
drq;153
mtd;828
eth;998
ccy;957
cgu;913
ocs;933
fsl;738
crf;25
ons;985
old;243
jcf;208
btm;674
jot;213
bmq;638
cni;156
jjd;719
nvi;194
hcf;391
nce;41
avb;284
dwd;57
bsg;270
gqa;638
gxb;875
mpf;88
omg;521
ego;467
chi;957
ine;637
hlq;178
mkl;398
gkz;522
hoc;727
adc;956
krb;219
gtd;806
grx;43
hgy;824
bli;915
euc;167
lfy;556
hqc;194
muy;314
fml;797
fbl;403
hvn;761
dca;71
bxx;433
hgq;478
bxt;339
fzb;389
ihz;434
lpl;697
ire;970
okj;862
hor;300
aer;558
jon;478
bwu;498
cpq;802
bkt;694
lyl;291
kht;885
ndv;848
gqw;646
cjn;494
dot;251
nfk;284
nng;961
mut;143
mfn;603
ihh;676
niy;418
bzk;2
mly;45
jns;617
iak;475
gug;118
jqj;487
iwy;310
hpc;293
dzy;676
clk;798
mbx;430
nsc;172
ofu;166
bsp;860
dck;529
nji;497
lkq;677
jbl;460
nje;683
hfm;461
hjk;460
npx;683
bih;508
ejy;377
khw;480
hfi;525
bzo;780
gsn;719
dep;533
abd;486
bzb;753
jrl;270
obd;312
bfv;518
hxp;685
ibp;158
oie;636
hzt;632
kwn;307
mez;475
lpr;554
jbj;984
het;227
evq;189
cgl;450
ebq;636
kmu;911
fkx;959
cpj;456
ful;341
bbs;580
bqa;705
lar;820
cpf;849
dbo;347
dee;905
nxp;282
efe;665
irp;355
msz;823
cvm;253
chc;319
ajw;101
glm;479
lzl;135
ati;991
nek;344
eum;911
hlh;495
cgn;79
joh;569
bcq;647
gpa;846
kse;552
bmr;708
lhk;953
jtj;894
heh;875
eed;713
bhm;365
crm;175
fnr;933
cxb;271
gil;807
hag;835
jvz;200
axv;993
nxa;387
grs;648
kep;374
aux;910
ipy;327
bnl;582
eud;326
guy;386
fvn;254
hcb;271
krm;197
odg;647
dbn;276
kqa;978
ftj;682
col;213
mmf;951
csl;648
laf;540
cgw;540
bym;413
jca;282
cfe;32
fpo;727
oit;50
bpx;164
gxc;448
cau;769
nej;752
jjm;456
dlg;260
fhj;883
aej;25
nvj;860
ews;643
lyn;172
lcs;712
naz;416
caf;533
cpw;312
eoe;266
fsd;830
ebu;732
ftq;420
iha;817
awz;234
ink;544
myb;641
bux;645
hit;416
mjj;703
hcx;301
opq;653
lck;906
nql;446
hgo;567
daq;479
jiz;507
gqz;649
lhp;580
dwj;293
jtq;698
gla;224
duc;676
jlq;81
jzq;870
fpt;702
idf;224
csx;309
jed;740
iyc;909
ist;49
dbv;28
ntq;977
flb;927
fcd;659
mwg;962
byb;663
jht;691
ixd;836
chm;690
ctc;347
dpp;269
jgc;383
che;701
jqs;886
dfp;297
icf;750
ele;734
opj;459
ifl;666
gie;101
nuo;255
lcb;580
bri;911
edf;44
bda;772
iqh;931
cwa;48
cbo;856
awq;484
lzf;372
osm;208
dub;282
cde;697
gqi;922
ama;871
fff;64
bvs;938
bwz;290
gzk;786
bhx;928
lsp;192
mtc;200
lvq;84
gzb;651
ncr;941
jut;538
gsy;786
fgo;167
boy;998
dza;183
dov;709
bxu;255
mah;765
dhy;361
imf;658
bhj;647
duf;146
cbs;407
azt;624
nxr;931
edl;852
jzk;218
lso;484
iqj;873
cbn;716
fbo;616
fty;171
geb;681
fbp;475
jhp;211
nvl;351
dbq;179
msr;478
fha;217
ngk;997
goj;96
kaw;922
oib;428
lea;705
ipu;721
llq;794
kja;577
bgm;611
dsy;785
ixj;63
kzu;922
auh;489
guu;954
cus;58
ebe;776
mij;473
fyf;606
agu;632
fud;865
gyq;273
jwe;218
myd;72
bjg;628
jby;625
dpa;304
cdw;841
gyn;880
dgd;19
abe;863
oup;162
daa;848
dqs;355
fuh;325
gda;684
cvx;938
ixl;770
aom;458
kjt;5
nzp;271
bkg;710
cwn;753
ijr;251
css;851
ogu;356
fji;505
nrl;332
lcf;639
hes;370
ilq;41
nju;0
jvu;661
aca;974
dsp;255
oqc;333
ela;236
jzv;501
hmn;826
jjf;123
eho;762
nxh;305
klp;11
lmd;430
jji;854
fzs;989
jfk;372
fmg;696
bmt;523
dyw;772
edk;255
oov;660
cgp;770
gxw;168
juk;380
ooc;269
cvb;864
iik;130
iro;94
ddv;772
csp;860
muw;819
hll;336
jen;55
dxl;615
dww;288
ehq;971
jnd;593
fag;273
bio;712
ghh;726
con;632
bgz;394
lnr;221
dgo;757
ero;924
jrm;718
cyd;854
dxg;156
nrd;861
nfe;411
nkf;891
mru;388
gca;667
nob;608
fwb;822
klh;146
ljr;808
fis;439
ddo;291
flp;241
fdh;494
byd;781
fsy;942
kyn;103
fgt;243
kno;532
byr;41
ebt;644
nrz;519
nlq;393
mwd;342
cqx;432
gng;155
jcv;499
heb;689
ojd;192
eao;651
ezc;281
cay;778
cvu;61
hce;796
jcm;312
mry;707
kiz;185
mwr;227
ein;630
hia;988
jfj;137
aqn;280
hmw;999
kfr;892
hro;554
lsq;214
hlj;181
hie;803
hud;69
kpr;749
jpn;881
buz;265
ndg;592
foy;511
ntl;326
irc;554
feo;589
hjh;824
hkt;229
kmc;12
etf;724
doe;583
fsb;782
cpt;56
ile;560
izp;973
ega;18
log;958
ngi;300
lhw;192
fvq;680
hwi;340
oru;487
knb;989
dsu;75
eqn;782
aaa;921
ajl;991
oee;271
dcg;752
iyw;115
jlv;617
lal;532
hjn;133
eeg;623
ops;61
gmc;377
nkt;667
gtr;372
eqy;381
dga;897
ktx;604
ita;456
cvr;158
nhs;921
dhf;516
ijm;293
bye;835
hfz;116
gqx;74
myp;543
lhy;684
ieq;390
flh;187
byw;392
edg;10
hux;35
dhk;409
keq;707
fyj;897
kmb;416
jiu;107
duv;280
iek;439
hkj;201
fhv;158
aqo;140
eir;870
kil;700
dol;248
hgu;711
nam;25
noa;734
bff;802
hzf;891
opr;486
fct;480
krx;506
azk;158
jtm;398
nck;230
knc;948
coi;986
dss;598
bsz;919
igy;225
eef;597
fig;305
ljs;6
jrf;347
ckd;740
eqm;145
nnp;743
ack;616
nid;321
fzf;271
drk;503
itc;810
fni;417
cyy;860
fyr;587
agv;612
ogb;844
gux;154
fjn;835
eqz;307
lla;342
lac;350
bun;50
nyu;801
otm;745
cpb;283
fho;473
aqd;702
gnd;841
kzy;217
cwj;174
edh;543
mmb;572
huu;230
lbb;828
gdo;733
kur;218
cnt;18
esk;823
caw;864
jwf;17
aqf;837
bop;377
olq;746
ort;878
hhj;314
bnv;513
iyu;763
ohx;662
cdx;613
lht;902
dls;432
axx;945
avg;985
ght;824
ezn;156
avk;362
iki;989
mvr;905
gne;930
kut;120
hrr;766
gpt;540
krr;20
ltl;756
bev;827
ogc;376
kez;539
fun;418
evt;433
auf;424
hxx;955
gbs;691
cxe;789
oej;344
eos;27
dpq;772
jpe;13
ixr;14
hqd;60
lyv;582
auv;6
doj;113
ndw;801
cad;303
gah;956
clo;775
gad;188
ixz;588
nwv;456
oqr;337
ljl;896
dal;660
bnn;286
lvb;690
cij;444
hca;587
hih;503
itv;216
kqm;508
bnj;241
icd;372
czq;914
jjb;173
kve;131
ctv;814
naq;87
gvk;187
knl;330
jis;346
kkg;529
ksn;859
jlm;878
fla;971
jkf;174
ngh;774
dhw;828
czh;765
mph;298
kzn;241
lqs;450
oeu;605
fyk;973
fmn;530
fkn;671
czk;869
awp;419
myn;720
fqu;886
lvk;626
elh;451
gyj;853
ocz;269
cnc;298
jct;576
mmh;115
mca;12
krk;163
gqh;321
osp;276
kfu;297
jqk;729
kkz;854
ceh;626
dws;700
mcm;468
aqk;133
mdc;57
muk;190
aju;947
lxo;419
lkh;373
lxx;818
msw;831
atl;615
cto;667
ahn;88
mwe;398
lfl;186
jmr;71
esa;25
igh;762
jdl;431
dxv;704
hwz;512
dak;409
geg;166
inu;858
aoa;177
lgq;925
knx;44
ekn;66
iod;382
jng;662
dhg;685
dzo;452
dfj;242
exl;265
eoa;959
odp;711
hve;961
eta;261
bwg;602
fek;923
jax;803
big;525
kop;54
ogf;361
nwi;646
nhi;936
ork;154
jdv;550
ahc;797
mcj;930
hlg;205
knz;382
mje;551
cqw;212
iui;416
bro;691
gyi;937
fps;163
euy;472
hxh;532
gfe;584
bdy;780
fcl;685
dhu;591
kuk;558
gun;760
fts;323
hsw;448
mwc;997
kag;756
lvu;711
nov;989
lgy;667
hnf;641
enk;994
hiq;242
ijl;497
cfd;982
hai;767
fzx;844
kkn;731
ccr;477
jqv;258
nds;839
fcw;833
les;828
lwu;654
bii;9
lgv;120
emn;814
hkf;618
ooq;821
mkc;217
mxt;207
jih;861
nud;806
fwd;836
esu;979
bai;762
ief;360
jma;808
ajv;608
oig;642
kuv;808
bdw;452
oif;91
eim;832
alz;387
lqj;167
mvu;907
jxa;602
isu;204
onu;688
fdd;477
bdj;233
jrd;412
hvl;944
nto;842
ixh;638
den;81
hmd;52
ixn;931
bld;438
mnc;614
exu;598
lel;482
abf;605
hgb;632
kdc;780
irr;437
npq;796
jyi;195
jdb;580
maz;222
btf;159
nga;348
gjp;333
gic;629
lmi;179
epq;164
lrt;402
hmk;791
efj;23
eso;753
cre;348
mzx;97
awf;476
gbp;193
meo;262
dbl;651
okw;640
kgh;291
fog;585
ctl;248
hsl;521
igp;979
maa;293
bif;230
arq;232
gxu;680
mva;712
ius;267
ilv;435
jnq;262
otd;106
mba;608
fdw;95
kqn;672
obj;756
geq;29
hhu;919
nuk;312
kfs;84
loq;600
lta;210
liu;411
hho;812
mtl;66
kwl;377
iva;485
aok;409
bwr;941
nwu;618
fmc;785
ais;903
imy;506
jhg;956
mib;744
ldw;77
bwm;808
otf;894
iix;352
kbl;538
mbw;767
cvz;220
mdh;677
geh;447
kzi;820
jaf;587
aku;354
dzq;263
kxa;18
cko;752
eoo;722
gso;185
fev;349
opp;133
bdx;655
aqj;508
fuk;337
aai;91
hrd;564
jel;583
eyv;418
hhl;930
lbn;818
nnh;524
jxj;85
nxi;379
kha;354
clm;648
fsv;283
kwe;77
otc;81
obu;668
fsp;498
ilh;343
nxs;203
jwu;29
baq;761
bkk;580
kqz;484
gbr;715
nal;630
ncu;949
jyz;758
ixk;525
kvv;151
ezv;726
eif;391
des;802
hqm;2
gwq;569
nho;317
bfe;37
mvb;263
amp;278
gma;280
jlo;239
gdp;608
htb;980
lxk;360
lvy;233
lrw;396
hft;247
fnk;987
lcu;905
gos;355
moj;801
bfl;938
hju;708
emv;826
hpq;847
fwn;949
itt;508
bfx;732
obp;559
fdb;745
eio;205
lug;941
nuz;515
cop;388
ehe;810
fdf;921
jnz;227
evv;303
kgl;76
luz;981
lls;187
kku;853
hyb;852
fgd;292
bew;723
bbh;225
mai;266
mge;872
kas;861
nlj;701
azh;473
inn;811
kic;433
bpq;198
abr;649
hhn;575
mbf;588
fmd;800
bdq;791
lgg;807
guz;955
hnh;923
lua;85
elu;651
dqv;106
aao;382
hzv;735
ddk;424
cch;119
kgq;949
lnb;471
foa;803
mej;332
bko;812
aqp;420
atp;423
bsn;354
fxw;355
ghc;511
bjy;975
egt;218
lxq;952
ata;956
ajx;430
eys;261
neg;778
djp;994
mnp;868
fnn;761
leh;368
cix;917
kbw;918
adq;756
hwa;624
ayo;838
nqt;592
hbh;97
hzh;682
egi;72
oip;81
gjy;467
mme;288
jyn;527
cak;365
gej;677
lgh;984
dqq;554
gjg;297
hau;305
odf;143
hmt;983
oih;235
kaz;476
joj;391
fhu;422
jhy;635
gbk;439
acg;604
jgv;670
mug;371
frs;67
cbe;7
fdq;248
ojx;911
ake;670
czm;377
bss;96
dzp;432
ipk;853
bqb;254
klr;234
gjr;768
cie;5
kdh;276
fdt;471
cfo;647
mqq;853
jgy;787
miv;202
jfi;887
oei;843
jie;525
hys;583
dys;369
mqd;75
ges;609
atr;882
irt;45
hvj;924
okq;27
jvi;720
hwo;623
apu;415
dsr;557
lpw;475
msd;551
lww;172
llb;2
bog;273
gpw;402
oot;631
diy;710
ogp;494
enn;362
kcf;678
euk;186
dfx;278
naj;178
ldy;792
ebl;158
hee;36
lva;660
nrh;265
cck;83
gok;908
gvy;141
onq;157
cac;630
cmj;274
hwy;903
kxi;714
edw;283
jib;931
oks;254
dcd;565
nbn;775
gdr;880
erj;98
msy;27
asr;439
clz;811
nko;544
esb;268
kec;497
fsh;567
ofo;373
jjj;866
fih;223
hsi;555
hrv;904
lfv;769
gdb;103
fvo;509
fit;328
itx;207
bbu;705
nrv;900
ejf;471
cjx;342
nhk;310
iif;710
dtz;877
euj;266
gto;850
ara;575
ghr;47
ngy;762
mdf;461
enl;33
izv;740
orc;222
haz;322
jlc;334
ebw;46
lrj;862
bst;376
nmr;185
ate;516
jhi;850
msx;121
nxy;750
dat;454
fsj;554
ayj;382
ayy;118
elt;406
ikb;235
ixw;937
crc;173
olm;20
cjr;272
fme;181
era;84
gea;171
ezo;39
mdm;9
adk;165
ngj;839
nsw;295
etj;762
otl;404
eql;551
frj;923
igm;804
isv;867
bjo;323
aks;177
heg;94
dmb;627
ion;444
goo;333
cmz;167
kxx;995
hec;926
mov;547
fge;762
arj;471
esn;869
mbk;798
nza;715
bhz;189
idm;207
ivo;584
lrh;960
bpj;465
drs;789
abv;333
jay;669
ggz;530
fio;519
kzz;838
cfc;905
ggj;495
lno;461
gef;617
hxw;842
lfk;784
fij;266
mrr;275
agq;362
jjh;700
khi;31
eik;1
oen;583
kvi;101
gpm;465
foe;571
api;163
odt;845
cur;614
fmo;259
exn;638
ofp;56
cwv;22
npe;842
gwh;361
gsu;96
cwo;887
ifu;158
bmx;348
glp;774
evz;684
law;892
ark;844
fsu;871
nwx;11
frq;274
ocg;612
esz;274
kfj;847
ecb;465
jtk;507
hew;397
dkk;896
nlc;341
ils;436
jpx;817
cnh;767
kjr;755
bqv;800
brl;301
fjt;381
kke;263
jgb;796
arl;525
dms;399
avo;496
mzz;132
mzs;231
kzx;27
lgs;655
gjd;45
jxs;461
ohc;371
czg;397
dom;882
dns;347
ojg;839
gnw;628
lgd;404
jab;883
kqh;510
kpb;764
aot;356
ocf;704
msp;986
lpn;157
kyc;350
bgg;450
agd;391
cgb;497
grz;659
bti;12
mxx;843
ddz;901
hfy;913
coh;996
jnj;47
aal;718
ocl;16
iqc;936
eln;38
fgz;851
nvv;241
aaz;192
jjw;241
mem;297
eqv;526
fym;728
lon;784
hrz;939
dts;642
mbg;489
olr;545
ass;181
gjx;129
ikm;83
nda;197
izd;977
etz;47
nfm;511
jkk;734
jxg;794
akt;614
ctu;890
kia;124
afb;658
jub;715
bme;667
app;504
kat;880
dxe;482
fpx;818
cbm;544
osk;895
jal;575
lwf;82
lsy;931
cut;709
knm;524
cep;958
lrp;647
clj;212
gdw;488
oki;333
bll;279
aoh;601
lnu;318
nqn;112
koy;476
bcc;248
mds;380
bwk;460
hmf;454
drl;104
gjh;555
eeb;252
irz;247
cdt;202
bnx;50
jkd;866
nfv;532
jko;109
loh;88
nty;52
idc;572
kan;486
cjy;139
eqc;360
kqg;247
hbr;502
ffd;938
fom;86
fzi;382
hph;567
noj;258
mif;916
icm;74
aav;892
nmq;881
mle;386
ftd;641
kqi;979
olt;817
oga;370
ksy;712
dzv;518
asd;427
ctz;160
eia;954
nwn;676
mep;678
mqv;249
imw;3
isj;286
fvc;418
bfa;835
cum;29
hlr;876
mfr;540
key;220
lag;640
mxi;866
fda;165
cjw;663
mvp;61
mjb;457
aja;776
kqp;302
mgz;135
dky;500
bij;538
lun;752
fvg;326
fyp;515
hdo;663
nnn;270
dkt;620
aft;986
dbk;473
cfi;386
ihx;946
ghb;745
gof;346
neb;152
hik;611
lfu;568
oum;772
dwb;594
mhg;14
ejw;5
jnn;695
fau;512
iiy;811
mzb;606
lah;315
nqi;4
ehu;808
oou;667
nde;80
npf;265
apl;749
bvf;156
bmw;893
gpc;74
avi;473
mrx;361
mbu;729
map;982
okz;412
ahv;390
joo;860
bht;795
ase;231
czo;68
hvs;314
ehk;73
hty;808
kfm;366
gwt;240
gsk;811
dao;113
jas;284
crb;821
ftw;674
aek;299
juw;447
bgh;601
bos;984
ggr;7
ntx;956
aws;140
oqg;461
gxe;826
cgm;264
gcs;33
dmr;511
egg;936
oms;326
kom;335
nhm;754
ljh;237
hzj;777
fle;920
ecg;50
eyk;999
ctm;411
oko;318
cyc;293
cdy;385
dwz;403
dqw;895
hlt;305
hsu;222
bfd;407
eil;525
kyp;649
fmf;97
lio;484
nkq;776
gjb;776
kss;647
nhd;176
lse;478
fnh;6
lca;380
hhf;491
fto;172
frb;2
oct;797
ngx;584
mqi;242
jqn;451
dfy;98
gzc;844
kpz;601
fqp;117
cxa;623
lnd;750
ftt;418
bxj;186
emw;210
nai;899
efb;489
gci;38
npo;558
bho;973
bmg;212
mer;23
orf;206
eml;273
kck;750
nsh;357
lmo;325
kji;846
dfl;719
kdv;756
ece;219
ial;982
nqb;230
npv;529
jgk;56
aph;214
fgv;663
bjz;781
dgk;841
gem;309
bsw;353
eot;77
mrd;876
cwb;569
fdo;969
bxg;483
gmo;393
blj;55
atb;583
nod;121
iqr;914
cuh;991
blk;719
cjm;207
kbg;988
dpx;237
iwk;148
aib;4
bmm;845
ngo;351
kmp;597
aro;750
mvd;196
fwa;190
lii;992
lry;679
abl;651
kvr;196
jgs;788
nyx;46
fgp;112
bji;476
mit;533
iim;112
ore;116
lvi;190
lij;42
oel;828
ghz;638
lsc;956
ddp;934
aad;308
ddt;363
ihp;597
olx;398
hvq;127
alr;842
iju;846
kuj;518
cfu;719
bkj;790
cbg;368
gre;874
dwr;760
emt;450
ndi;403
ijs;133
gge;257
mgp;830
khl;10
hxa;499
bfj;842
kdj;562
gmn;360
ium;75
lln;572
djh;199
krw;744
ebi;61
etk;58
nkm;943
onr;997
lum;559
ked;478
fjg;789
eti;683
gpi;637
klt;20
bkz;400
jbp;264
hxu;377
bix;673
gtu;375
jro;615
lrq;672
ira;238
cos;247
bbe;669
ndy;867
fur;124
hbe;189
gvs;621
jbt;775
axq;456
gep;772
jqt;269
lkd;627
kdn;334
eoj;322
nth;860
ady;84
drz;397
mcr;52
hue;168
fkd;155
byy;977
gxz;553
hyp;257
fss;359
aik;685
ckl;5
mym;288
gze;35
apn;18
mhj;11
bxo;74
bga;919
ont;58
eog;220
dzw;807
lvh;345
bbv;623
cxu;407
gxg;821
ajt;814
dyy;310
cph;88
jjt;704
ggv;749
ktt;341
exk;74
ciy;11
leb;805
gnz;277
eix;760
hrq;819
fcg;698
dxu;805
ohu;512
jxz;962
ess;412
nkz;471
cig;835
nay;293
jmv;267
chs;970
ocb;929
knf;145
nwt;330
lst;616
hbs;580
hdw;852
dxj;921
gyz;847
fjs;994
bkh;546
aoo;405
lgf;205
nyy;608
kqd;219
aje;505
dag;385
cqd;346
efv;701
jea;132
cvj;512
anv;321
mhp;923
fzg;145
evs;259
btw;578
bls;382
lyg;692
mco;626
kpf;660
iic;301
mpz;582
dla;351
jir;459
aic;755
osr;414
arh;234
bnr;585
inl;727
nei;684
otk;685
gjw;965
ari;573
mxg;135
ors;11
cua;941
izt;649
fum;384
dpc;757
gul;38
asl;847
bqe;878
hgd;421
muf;434
krs;48
lsf;140
oqz;1
lsx;758
noy;716
gfx;674
ctt;284
lpu;930
bgx;153
hcg;525
jio;256
cnz;131
dnk;175
dum;892
hkh;497
dhn;398
avt;248
bgu;876
cux;634
mrj;656
igg;540
isp;616
jnb;869
aji;420
ese;192
fbk;40
ceu;212
jds;976
atg;394
laz;624
kfp;125
kor;690
lap;454
czu;996
kcq;202
iqe;667
onz;126
cvk;792
bwn;285
avr;295
fgy;393
jrw;399
ndj;289
aqa;897
ekc;226
hnk;402
gfk;680
cfr;466
kcz;177
axg;657
gte;67
iay;612
kys;634
jzy;969
dte;595
ibk;502
ayt;60
lff;972
lcz;82
bet;378
bek;257
iuj;855
fci;891
gtl;712
dnq;994
mxc;941
dab;491
fvd;437
jtg;215
irm;147
luk;47
jcq;117
jmu;320
khj;111
cek;562
eky;378
itm;138
idw;137
lql;448
atc;246
mok;103
jvd;859
okr;78
gob;162
azc;666
dcn;724
cge;98
fid;76
lxm;890
htf;744
jvn;162
ldp;831
lmx;706
ifb;657
epj;792
hdj;393
huk;748
few;777
eet;695
mxn;746
ocu;704
bad;811
lbc;16
onx;897
gks;815
awg;489
ctr;291
mcx;498
idi;753
fhz;548
lpy;310
mmx;482
bav;283
cme;754
ode;352
flf;215
ckh;534
gkf;986
ccw;885
aow;138
bxa;770
hcu;15
kcp;399
kuw;109
dld;506
hpx;497
azq;587
nln;56
jyp;745
bmf;66
mys;867
mxm;465
alk;592
bgt;614
lve;238
cdb;74
ggp;56
etp;93
dki;264
ngp;284
lma;5
goq;403
gby;145
avz;528
ici;587
jgi;552
bbt;191
ery;105
kzb;180
fuw;127
doh;315
gkw;733
fxr;625
aza;174
nsk;630
gxj;405
ffo;622
civ;497
ksj;452
gfh;984
oqd;209
hzp;101
jty;356
jsx;667
ilu;50
kau;759
apv;490
bzd;5
bay;676
ehf;110
cdc;970
gja;496
bqn;267
lvf;899
lfo;764
kri;177
glr;69
bmb;994
eiz;879
fgi;147
iev;388
mfl;275
bgk;679
dhe;352
dre;20
djb;293
cnp;296
nnu;24
mcb;580
ivc;904
kby;369
ana;276
ofa;714
nia;768
auj;513
jvm;177
cho;654
eyu;540
lth;381
lmp;348
ejx;77
jue;897
jsk;432
mrs;448
bjj;108
lxi;158
elj;260
nbd;647
doa;532
arm;771
nqo;305
bdo;291
hyu;851
mhb;234
lrl;243
bbb;235
njc;182
ldt;681
khm;100
clu;32
jkx;881
lyr;163
jud;847
oiy;777
jks;291
opa;688
ogy;506
aml;918
hmu;507
mwi;571
eaz;300
giw;264
hjb;123
fup;106
ces;801
hbo;187
bkb;492
gtb;834
kyx;922
kxk;876
lhs;581
ljm;350
msv;365
imi;766
mdg;568
gow;414
jjc;334
lhe;832
cnk;376
ipa;587
lur;920
mnf;631
azn;537
cif;561
byi;880
npn;219
icp;51
ezg;194
equ;784
bsb;875
nap;820
boo;34
kav;766
hcc;392
ltj;430
nra;91
gsj;391
oqw;362
hjz;580
ewd;457
aew;640
hkw;670
due;694
nlz;392
lee;106
kyt;902
cgr;529
hhy;6
aps;569
dob;163
dev;660
kph;461
lqg;975
jeu;790
bub;462
ami;290
fed;465
iuz;251
aim;599
kzt;470
htz;530
dkm;765
epu;622
gaz;405
ffr;253
mus;95
mex;535
ccc;684
bpz;552
klf;912
cyf;38
lhg;782
lty;77
nyr;500
cki;755
oqe;38
mon;119
hng;103
hjm;46
clw;580
hlw;421
ncq;864
doo;381
mbq;693
kyo;188
crk;194
myi;395
gcv;729
lgp;473
mcv;78
bdl;363
cpm;327
kuf;322
ofd;675
ndt;338
gon;679
cxo;336
cfp;504
hfl;445
aan;935
opz;100
hne;978
njx;599
duw;924
cyj;209
mgu;94
cso;248
bnq;711
kta;758
dvj;803
mux;760
cte;542
nlx;595
nnl;349
aue;728
hon;933
oax;412
nps;875
inr;568
kqj;134
dbp;448
gzf;673
evh;155
mhw;275
myy;404
fdx;785
fwv;96
hrn;313
bwc;923
auz;274
cml;313
evw;576
ogl;259
jor;872
kgu;791
iio;105
ltg;523
bhl;705
ebx;357
bjn;226
gay;94
gdx;10
gvp;313
jxu;313
glj;134
ncd;634
lcc;217
bzs;586
lui;226
aoz;858
mwl;752
esd;662
jbh;838
lec;724
miu;791
lit;105
brf;692
mbv;103
lyt;355
img;285
cuy;724
jpi;994
opk;31
flv;764
lhj;714
bqp;576
obm;680
fin;393
gqr;795
dbt;799
bba;556
oss;189
nms;521
dfw;100
ksh;598
ioq;711
kvw;912
dyi;169
cmv;478
idg;149
dvh;548
gfw;441
knu;187
dbu;592
ioj;326
nsz;746
fvh;541
gcr;344
bhk;925
dnf;816
mos;824
dmj;69
mgw;824
ljp;557
oiu;48
fkl;806
byh;4
lcd;543
gwy;347
eii;305
hpb;822
mrp;466
doi;81
apt;463
dbj;20
mch;15
lho;547
dnm;461
obr;729
fbs;302
bak;557
dez;654
kth;764
hin;540
cia;37
dtk;4
hwe;805
fan;867
dcv;198
gaf;41
oay;162
jwo;564
jzm;410
omi;252
ipc;632
azg;488
ndc;986
nca;239
lpx;813
glq;49
lfs;971
jeq;362
gnt;819
jev;803
mja;655
hid;959
lrg;691
ndd;405
gim;204
dgz;125
jzx;778
nqg;4
myr;435
dnl;660
kuu;679
lbl;880
jha;37
opg;988
ksf;871
irg;186
olh;961
fzz;828
hya;451
npb;499
ifg;393
bgd;602
aii;438
mmj;626
fqm;472
izs;741
akj;85
cky;259
fnm;488
nly;439
jul;611
gzz;78
kuy;274
ibw;563
gbl;798
kir;111
ktk;500
fjp;486
drp;882
gmx;896
lcr;384
ohj;163
niq;997
avp;244
cgv;637
ayl;866
lpa;665
obx;858
glb;963
bws;718
bwp;407
dtq;294
biu;691
hef;107
ofz;837
ahm;505
geo;35
jyj;898
iub;111
ect;376
lrb;338
hek;160
gqn;438
grr;39
cxk;122
cne;262
bbf;387
dct;681
ket;432
omd;520
hgl;852
aut;112
iww;156
nts;898
gqs;26
ijg;892
blg;930
bqd;762
gsv;451
cgk;9
cag;609
esr;158
mwh;846
fcc;492
dfr;747
oud;86
bvi;4
mgc;69
gba;301
bdf;22
iuv;77
haj;806
fph;545
kpj;310
nbk;213
iuo;219
gga;230
ljx;57
iou;269
hzd;286
bcr;424
nux;617
cgx;0
kyu;359
aus;660
gcz;876
kma;151
dnj;741
hyv;862
dqh;959
nik;706
dlt;704
ooh;263
aql;392
bpn;243
ngw;737
aiz;635
ble;365
oso;153
lip;707
ord;825
jou;778
lpd;26
nja;66
mla;0
gnj;908
ibl;234
aon;783
iwf;400
gao;147
fnp;414
llf;578
flu;241
asu;702
fhf;480
bnw;366
eua;233
lwz;529
lai;130
mqs;3
kqq;728
fjj;947
ols;901
otv;874
jgo;847
ijj;979
nyl;437
lad;376
cdn;914
hnm;246
knp;778
jpw;298
dzt;936
efn;749
ftu;212
jvt;243
ecj;648
kpt;81
kad;417
iiq;348
ckv;617
fbt;775
ird;429
hhr;980
dkf;136
eqt;596
iai;402
jpm;248
hqa;295
cku;179
krh;961
mde;848
bvv;459
jof;272
kbr;846
lxz;626
ljq;857
jfn;860
lzx;73
hdx;98
krt;54
ica;598
hqi;777
ifz;586
ooo;967
oam;33
nfq;823
oia;290
eul;579
cjp;755
gkq;234
ixb;970
oak;764
mav;360
avv;160
akr;974
nkn;141
mdy;682
fyt;964
kdq;185
ezh;978
hyk;11
dji;905
iln;128
iow;525
cvo;85
mdz;772
kda;658
kub;471
aia;792
gpf;709
dmt;153
bln;204
nrc;941
bez;499
fbq;132
aeg;116
ldh;577
cxm;393
iwa;755
kfc;835
oua;895
lby;698
idq;976
bzq;224
axp;185
iht;758
dwy;458
nlf;387
nbi;261
arc;38
ipz;660
cgq;618
lod;68
hqp;619
ibx;870
gjm;826
hhm;561
ank;356
bpw;535
ivu;242
hpf;184
nyj;917
cjl;710
nii;591
gvh;540
dmv;497
bct;272
jmh;898
bjc;351
jij;20
fys;143
dio;722
gwe;794
hrw;71
gmg;571
iis;894
kgn;90
ewa;199
fdl;821
jos;846
mxa;532
jra;339
iok;289
buq;302
bpi;856
mul;262
dxa;310
nvb;121
hxb;429
kya;286
gpx;391
aqg;418
csw;430
hyl;234
kjj;727
fhy;642
may;660
dne;174
fgc;386
cpx;881
jaq;325
dyc;138
iqb;17
brt;594
htn;591
dpn;869
ois;748
dah;174
ibg;918
bgr;949
koq;798
ldi;666
eru;232
akm;820
krg;130
ond;764
mxd;447
fnw;101
hxl;549
bze;57
cfq;216
lyx;705
nro;677
dur;53
hlx;978
mmn;736
ivm;11
beb;50
dxw;689
egc;644
ojs;503
lne;761
ngm;479
lkk;531
gth;25
cmb;76
cjo;92
njf;980
erl;597
dcq;357
nem;588
auq;144
mmr;506
lsl;433
fwm;348
nhr;283
ksm;558
mto;419
ehh;632
njo;595
iuf;182
ftx;492
dkz;817
dgj;254
bmj;239
ofk;679
orv;289
nrp;137
jky;551
dut;907
gwb;260
dfc;840
lbw;364
kka;893
mpa;362
mrn;614
jce;471
ixs;426
mkk;321
kcr;421
lay;439
jsb;934
awj;567
mgm;186
dwq;23
giq;567
iyv;229
cwk;585
inz;566
afu;550
njr;269
dyg;381
kyg;877
ctb;485
jey;873
bul;134
jkb;276
nyk;631
mwp;451
gni;696
ksi;756
nan;234
eur;55
fst;133
gml;160
ekb;509
ish;669
evg;495
ngz;723
myg;382
mqx;974
oea;181
buk;704
nhf;302
har;732
ecw;228
csj;581
oly;945
hsk;88
ehv;293
oob;792
hxg;463
llm;672
lbk;722
bxp;251
inq;711
day;607
jsu;373
iwt;596
aay;224
akk;388
nuh;332
lzg;790
nme;401
kek;310
ezq;680
cxd;763
ahy;883
chf;165
ool;266
fzm;697
ebo;441
idl;763
hqw;153
leq;967
fgg;808
nwf;903
bry;816
mog;861
lol;318
auc;39
gkc;134
kjs;943
gyr;72
cpe;76
ede;779
gfs;175
nmz;514
moa;120
idu;217
hoe;637
igt;805
gaj;286
cwi;16
jnv;212
mte;267
lli;280
fyv;168
hjf;675
dfo;54
dfe;425
jkv;528
exh;323
oes;698
dvr;881
hzi;314
inp;525
eac;751
ecz;868
ibb;164
kqt;713
lxv;584
hzb;207
hdn;720
cor;330
dft;48
fxc;222
agf;794
bke;745
fpr;914
bob;144
axa;987
bsh;568
jeo;909
lxs;299
mfp;235
biq;806
ctf;248
hmo;215
cmi;656
nur;499
nyw;114
ezb;63
ojl;534
isb;187
fzj;504
fkm;27
nzt;2
gsg;995
dwi;236
ifd;318
ieh;640
nbo;438
efq;242
jft;689
njl;556
jik;309
fgj;643
hfk;812
esv;337
faj;646
ayz;575
aif;100
lks;528
osw;363
hme;209
ojy;328
ooa;319
byt;692
ani;59
dso;913
grw;724
nio;764
ldx;836
kgg;186
bfg;289
iao;770
mmo;974
lfa;277
iqs;652
dam;812
cvp;278
hgk;505
hnb;448
amo;827
akg;671
nsq;167
mji;757
kdk;904
nxl;679
baz;236
ecr;142
iyi;762
cgy;849
aht;201
gmz;924
iel;683
gle;43
apk;3
fav;121
fcn;558
iyx;958
bes;351
lhl;528
dgs;723
npp;970
aag;578
adu;435
jjv;422
ldc;420
dsc;409
cpi;21
amh;900
hvp;177
doy;966
ivz;71
mcu;40
eof;244
gym;134
fsa;279
jmo;801
fhg;265
mbe;849
duy;903
eiy;538
ebz;657
fli;986
dno;76
oer;859
hwx;335
ltm;725
odq;481
jhc;847
kee;977
bsl;526
mhi;918
cis;709
bwf;952
izb;253
fde;13
arz;885
ghi;528
iyr;654
eyh;586
hdb;327
gkb;543
mya;640
aeh;35
dxs;244
jjy;518
mrg;655
jex;164
bxy;183
ixa;969
cfj;373
nsg;827
gik;519
hst;189
ogd;215
myf;140
joq;422
jlr;644
oaj;197
jsn;0
eyw;579
afk;600
niz;530
lcx;250
lei;741
bgy;166
hyj;907
dgr;581
hwn;972
nat;320
ffb;677
khc;748
bnk;533
cbr;134
iil;867
dry;419
fvi;801
kqb;297
nmd;896
mww;708
ecy;240
fdu;894
ffh;605
loc;677
fzo;936
bzt;170
iae;876
mny;908
epk;731
ikh;775
jpk;600
lzq;17
dqx;271
ahj;982
cpy;284
nmh;870
jgn;668
kof;498
asz;852
aar;642
cyb;219
ouc;199
ggq;431
nfu;96
gcg;852
jkn;929
dsl;203
lbm;365
lya;502
neo;707
atd;813
ijc;842
nvo;847
kkm;410
mli;985
fqs;31
cuk;910
fbr;576
bha;724
otn;205
cuf;866
dqz;214
hok;428
lti;912
lzi;342
hvr;696
mdo;118
kzd;453
gzi;719
ayn;326
mgb;553
klg;290
mxj;362
gfn;91
fwx;199
esy;979
azy;311
ixf;39
nwz;89
otu;916
kct;262
lpf;58
mhy;996
fhp;541
axw;882
jiw;803
hig;645
fdv;706
dle;542
kwx;68
bdz;628
hhz;307
drr;105
bfr;27
fyi;194
ekd;551
hjg;924
das;359
gfo;433
ldo;907
cir;315
mzg;283
byk;989
orb;411
jrn;125
mzp;992
ghg;149
ayi;38
moq;759
bil;857
kej;715
jpq;747
fvp;503
off;116
ktl;250
erz;165
evr;314
eva;526
dxp;754
biy;515
imo;662
ajh;622
etr;672
dix;201
cea;441
nbc;283
ape;469
liz;618
gdj;209
mpm;50
auy;888
myc;689
cyk;47
lnh;750
jmg;814
cll;693
bau;414
knv;786
nyf;187
fke;408
fuv;495
bfi;262
fyn;208
hsp;677
bfz;177
blo;757
meh;792
kpl;479
grd;401
erv;520
mga;363
gis;592
ily;948
ftl;757
dfd;122
oli;886
bse;494
hgx;838
apo;768
nao;217
bzy;577
nab;193
lqq;534
iru;621
iea;79
lyq;180
mwm;778
gwl;844
nna;812
fxg;436
hfn;230
cyo;992
nsv;284
awk;199
iyq;925
mhs;844
jho;725
moc;234
bqf;164
dpz;819
jdz;606
fpn;376
glo;380
exs;765
mzm;998
fgu;567
gxd;850
kie;321
ndm;875
dtx;105
clb;954
oan;327
ftf;905
dya;390
ift;872
jth;0
ocq;536
jvf;806
cbx;540
cke;883
cmy;32
lzy;620
eie;895
npw;238
fyh;703
lbr;580
lmf;322
fim;839
kgc;628
jgx;476
dlu;431
fja;267
jjn;693
jwy;691
jyt;347
mss;419
ajj;135
iji;1
iyj;197
jte;301
lwe;408
lni;302
ott;210
ibh;127
lxl;499
ntw;61
ith;415
lxn;574
fth;511
lep;784
gip;847
mpk;381
lmw;803
irx;975
chk;941
abh;951
bhu;248
dng;805
lmb;342
dcf;9
hei;351
kii;684
efm;756
mbl;299
lki;739
ofl;278
nmj;242
asx;444
lgk;758
fez;510
hqh;393
lzp;507
bem;510
bql;232
efr;820
iza;527
lts;97
mur;976
juu;966
gae;187
ihe;161
bbo;47
hbp;794
blt;248
hpe;829
gwm;253
lsn;80
lqa;829
ijb;428
jla;908
icz;592
ofw;62
ccx;166
cgz;906
ocn;676
gmw;412
azd;724
ixq;980
fyl;918
ciu;633
oqq;120
bzi;392
lrs;190
dyq;776
ntm;626
fvz;474
gnu;741
aua;783
guk;97
gan;811
hdi;956
bxz;119
jmk;365
bsi;497
duk;119
drt;673
nxq;670
evl;745
kbk;452
ghm;305
nqe;793
his;71
brp;368
nxf;373
ifa;796
kbo;238
gcb;722
afr;693
jje;430
eqp;111
iqq;642
frt;810
ayv;483
dsk;861
ddf;549
nki;846
emm;579
ksc;580
eng;715
bci;835
kxn;976
iqz;828
dkc;611
hlu;178
bwa;656
aye;186
hsc;100
anj;373
csd;821
khs;338
izu;65
enu;792
eyj;685
gxh;546
nym;902
ewe;844
ddl;186
hka;962
bjh;265
cid;754
bwd;274
dds;540
bik;376
czc;118
ism;280
euu;995
lzj;371
mcf;611
fso;798
nfa;263
ced;491
aox;715
hjr;494
kjz;383
ciw;648
cao;414
cbp;353
oim;698
okf;89
koj;950
ang;161
maw;65
mgk;93
jso;203
mpq;6
jog;681
bvm;197
noh;256
fah;989
bjf;516
bee;814
iff;796
drm;504
bre;968
ndq;187
mxv;464
mkm;727
obz;495
nyp;599
bhd;673
mic;836
ftn;854
ivq;108
nbz;411
gut;920
ahs;94
cqp;757
hfo;182
dae;860
ewg;172
bpv;454
bqs;378
jbn;681
agh;600
eoq;199
gnn;137
jqg;561
fmw;257
gvx;560
kbe;359
buo;117
mzc;656
ogg;361
bns;526
fjf;378
ltx;170
isx;984
eha;916
egr;895
jfm;120
okn;104
fxh;355
kle;79
grl;36
duo;111
lek;299
jaj;186
knd;592
nvt;691
kgm;723
jtu;21
bor;319
dvv;732
kdu;104
fnq;20
fxn;481
ivt;18
gll;880
fdr;465
fiy;35
btp;721
euf;802
ojt;887
mpo;293
jrs;3
cty;361
nar;10
mpu;437
bbw;204
gva;531
bjw;595
mkq;693
gki;793
duh;826
fsw;730
oii;43
djf;91
ayk;489
kfy;228
dxk;633
mvi;183
byo;939
mdr;912
asf;616
nbp;192
jkj;904
hem;800
anf;208
hea;612
lrx;621
nsl;994
ior;251
ffk;145
jtd;915
mdt;927
iac;920
cqg;385
cqa;383
nmm;503
ezr;255
akn;724
eih;203
ezx;382
izm;564
dgu;675
bbi;818
duz;206
cen;223
fjl;180
imd;190
kxy;261
mfe;597
dsm;756
eza;451
hix;863
bac;391
efz;903
fkt;268
cks;254
omh;307
itr;921
hmi;320
jti;277
lch;763
kqy;976
nhn;374
mpy;554
bhc;767
gph;924
lkl;760
jbf;307
cha;586
nxk;749
nli;246
noe;31
lru;223
jym;143
btg;813
ngt;890
kra;643
joe;678
cvl;998
ntp;778
epn;355
lax;172
cdl;221
mql;280
car;877
opm;326
lwy;90
mcs;917
kwi;908
kim;434
ffn;101
hkp;748
nvf;917
fof;625
dpt;797
lgt;699
jqy;523
idk;203
jwi;427
jcn;286
mmq;993
ihr;313
ejk;653
nmb;559
oin;7
hcd;265
jvj;116
nhc;181
jcx;537
efd;984
oaz;939
jow;515
cjz;806
kmq;986
hfa;693
amk;234
erh;137
nbt;989
dvo;719
ocr;787
atk;275
onl;605
bxk;818
hat;909
ksp;553
gpb;233
gyt;145
cfy;337
ogj;15
njq;48
hmg;418
gri;884
jpt;439
fcm;643
dtu;824
gyo;326
jnw;180
lri;505
gln;821
ooj;382
aur;280
gnm;481
igu;775
nfj;94
mee;393
kpm;818
imv;881
omj;581
gww;37
bpo;189
mob;755
lpj;427
dxx;18
bei;946
jvq;904
lae;102
dlx;18
eax;952
hre;185
cap;960
oal;701
mxu;254
nyh;311
kpy;256
muv;51
odb;311
cxy;417
hiz;856
izw;483
dty;357
lqt;395
czp;914
otp;556
aqt;765
bef;423
ihf;836
bkx;993
ehr;259
djd;424
cpu;632
mnv;373
dad;627
nsf;6
drn;77
one;759
cfx;489
fap;43
jyr;130
cnn;940
ehg;563
nfl;808
iun;672
khy;492
dpv;206
ina;904
ouo;915
jtv;608
ixx;307
itz;862
cwz;274
kex;87
jvo;83
imu;111
hyo;274
ewy;848
hbl;399
ajs;812
hol;304
afe;507
fob;859
mzw;929
bmk;425
ayc;501
kxq;560
mkn;188
ljk;355
ean;672
bvp;336
euw;353
bsa;930
igz;81
bpp;264
dnn;324
abg;29
dop;954
mqr;791
mvz;100
lfe;461
nla;488
ezp;99
mlu;580
lcl;976
asp;404
gcj;133
lto;204
kli;246
mrw;756
mue;750
fvy;783
idh;423
omb;824
aqh;273
nvn;339
hye;851
gwi;900
hyd;209
ghy;346
oqb;180
oos;312
kvp;494
fop;910
biw;604
ewl;443
ojk;724
jdu;305
gbv;652
fxx;394
lsh;85
jyw;64
ocp;317
cdu;472
gql;633
ntr;655
fia;56
nav;674
hox;244
fpy;763
ctq;500
nne;446
agm;175
dbc;225
hqs;436
eri;909
kio;347
hpy;662
kgx;396
aeu;865
gyh;872
fwt;803
ejv;0
itf;702
kev;535
nmp;491
fwq;759
jrb;182
dks;590
fam;839
bky;997
fyg;488
fbu;419
ekq;877
asc;680
jzr;935
gbj;727
nsn;372
mgr;748
ewk;19
itp;539
gax;902
edb;18
iah;676
avs;57
jck;221
cpr;136
okl;905
gvm;548
btx;977
lyy;144
nah;517
max;744
enm;243
frd;992
bnf;845
hwt;194
bui;627
muu;844
elb;425
cik;20
asa;955
alh;381
ota;251
ojn;418
evu;541
jxk;19
mxh;672
czl;181
gku;601
exd;81
mrk;782
gfy;145
bjr;841
mpl;781
eaa;301
lka;452
muh;761
ehp;144
esf;120
kqo;142
bva;757
cqc;449
fat;824
nzk;658
bfy;595
hyw;401
ltn;736
kpc;735
gel;967
bjm;660
buu;481
dsj;895
cxr;678
oqo;725
iez;830
jfw;142
ivi;648
aix;875
kwy;63
gqc;564
oev;500
ivp;58
gza;942
idz;247
hmh;486
gtc;34
dax;384
mag;883
kre;640
kcs;513
emh;70
fxk;780
ehj;947
nhb;310
bfs;9
bwv;376
coy;124
eic;866
ecs;880
bnu;834
dzg;217
lzc;950
hbd;215
imt;97
nij;380
fkf;965
otg;156
dgp;730
iwh;324
afn;108
lwx;550
bvz;117
dqu;297
oaf;273
lfp;897
bbk;652
dha;696
hoj;200
djr;286
ktz;919
cuj;295
cbh;375
kyf;592
lir;715
ags;747
gtv;857
cdz;652
fch;278
ceo;18
hnu;230
omk;161
eon;241
crd;11
gbo;350
lyc;439
asm;843
dpy;902
env;811
huf;481
ifj;913
cqq;218
cfb;439
fsf;163
dvz;820
egv;711
kfh;492
fet;655
nsr;943
oti;503
ahp;271
alm;626
jhn;305
cue;844
loe;294
lrv;555
jid;316
gcn;748
dwc;687
esj;487
iuk;440
ime;868
bwb;485
bhv;845
hod;902
ihg;539
nuq;710
non;192
laj;791
nxt;160
bbg;417
gwx;152
ipw;245
elm;148
net;967
dou;614
nuf;223
oav;629
lob;136
ejs;493
dpd;425
iqy;419
fjh;914
axi;158
jhj;947
dpo;671
ohd;336
lhf;663
fwi;707
hwu;232
jes;806
fxz;443
obw;635
glg;169
ike;246
cyu;456
ard;328
mtr;249
lqf;93
mvx;304
gih;692
aco;998
all;821
foz;70
ojj;312
jyg;556
lhu;378
lkn;206
exc;764
dyx;317
fgh;627
agl;81
fse;636
oka;467
nha;624
iin;111
jaw;9
gxy;96
mtw;230
krv;971
nkl;773
dwg;439
nad;597
etc;470
flx;87
ihk;88
oiq;609
gxo;28
bpa;578
kvb;827
fca;782
fwz;355
erb;616
ltr;259
ivk;333
kiy;725
cot;411
hxn;571
hiu;942
lqk;557
iss;759
kgv;323
epf;196
aax;28
mxs;287
inv;724
dqe;550
cae;607
lja;645
fpw;995
hly;782
noc;954
jze;335
now;92
dke;973
kch;781
llu;10
cna;871
gib;831
kao;710
nax;911
fma;686
fpd;487
azw;787
lgi;572
omo;54
mhc;164
lrn;637
kjy;103
mgi;721
ohq;768
oby;432
clt;725
nsi;964
kju;134
anw;680
fnd;147
coo;495
bmo;318
ifp;738
cse;381
nww;343
ikd;793
njn;813
duq;422
mct;189
hkc;151
ctg;531
ezm;839
ifx;638
fhd;12
lyb;476
asw;269
igr;253
egz;620
njw;934
aho;415
hto;866
hgr;967
nph;763
eca;345
iml;872
fws;295
jsp;270
jfz;224
bzc;712
dnc;827
eqb;936
juj;468
iid;241
bxn;376
jmq;486
jhe;846
est;217
ioi;143
mzl;468
loo;81
lxt;827
auo;574
dnv;407
iir;221
osf;858
gxk;873
ffv;821
kbx;590
idr;477
nkx;126
acd;401
gex;129
ltd;580
glh;110
ifi;206
jwt;223
hlp;913
dru;711
bny;636
bbn;853
ccl;317
aip;498
cin;594
fxe;795
gpy;272
azx;853
dgq;430
lfc;617
omp;136
hbx;669
gaw;909
olj;446
hbu;926
dqt;982
cfm;578
dyj;130
eft;565
gdt;643
gps;797
oce;560
nmf;690
kem;560
ikz;937
jtc;971
lsv;35
oqh;975
nwg;401
dkl;25
okg;647
bya;374
ofx;829
nib;27
ieg;267
ody;672
elo;869
fxj;300
gmb;116
gde;673
eiw;893
abm;523
bjt;341
fya;846
amj;871
bvc;596
lkz;609
alt;826
npz;448
evk;440
erx;430
hql;864
jwd;229
gdl;742
ood;262
hfr;260
dxq;235
ljj;269
bnb;969
olp;695
gqg;483
odm;602
mpi;234
okv;245
bkp;750
ogk;201
aio;184
dvb;235
huz;729
iej;90
acv;505
cgh;672
crn;952
fsi;497
nic;53
asg;369
mnn;569
gop;699
esp;453
kfn;431
mps;80
ofr;489
bca;350
gmq;236
ofh;672
ltv;92
eiq;269
lab;799
jpc;751
hao;5
ohg;967
gbi;610
fnb;852
nup;842
diu;40
ncy;289
mbp;535
jya;256
nqw;876
avd;192
hxy;549
hvw;630
aff;54
bjx;612
fxa;260
erp;103
cqo;856
izh;504
nyi;216
olf;785
aah;45
mri;537
kpx;158
iga;99
hrf;292
atw;262
ogv;191
naa;560
aqy;894
gsi;821
jyc;121
cti;621
dva;102
opv;47
fjz;852
org;551
htk;299
lns;858
dra;209
ilk;698
hlc;92
hen;984
dyr;441
awb;689
hvu;980
eyf;203
npa;489
lqr;295
med;153
hjj;315
fng;263
mcy;396
bvl;207
ohh;657
knk;52
lqh;441
bzg;928
ebm;304
gfb;110
ahg;36
evd;108
bkf;739
eqo;957
edp;360
luy;951
jxp;63
cry;1
fzw;855
fcp;413
gzs;531
fnz;577
arx;298
apa;198
ohb;588
bin;422
hyh;352
boi;263
lxb;93
elq;221
emy;638
erw;693
gdu;582
als;369
llt;874
fyu;530
hbi;761
btl;145
los;750
njm;834
jqu;602
giu;969
bch;43
ost;495
efw;529
ebc;660
kos;601
bmn;106
amd;787
fhw;780
kva;791
cow;297
dzh;955
cle;254
blp;961
ekz;517
mrf;391
lxu;951
hsf;932
aug;257
ihy;478
mzo;120
gdn;833
ghw;707
fqw;667
mvg;465
bdd;133
nks;55
ekv;355
kgo;622
hjp;611
mwk;21
afz;138
jvs;443
ekh;292
fmu;995
caj;209
dzl;956
hfp;907
kks;729
ntz;33
ngb;602
der;690
agj;562
jki;972
gco;26
jhk;13
jbe;960
jme;716
ety;337
nkk;861
ifs;497
ndr;933
mar;556
nor;756
gxt;829
bkq;71
nhv;481
ckf;740
mnz;39
kyy;286
ekg;130
exm;839
lhc;186
nle;629
bam;892
nou;119
fal;563
kvu;749
gxq;398
alp;656
mju;210
lwj;651
iip;73
lgz;452
nog;453
jbm;617
fpu;768
nta;771
bnd;284
dth;397
jqx;358
nwo;43
mmu;566
ngu;925
egw;778
jcd;944
ole;622
ett;314
cms;237
kwc;421
eja;517
bpk;971
cbl;459
fbb;479
eis;129
ijv;368
lwc;705
egp;607
iyz;486
afx;684
dwa;377
eka;555
noi;336
geu;835
bia;820
jve;718
nnw;571
fgq;414
fqa;283
npr;4
hln;22
nya;945
cev;263
apj;322
lnl;174
jlt;57
czi;970
bua;814
jle;555
kzh;697
huh;217
nfy;816
aun;756
brh;831
fzn;956
evy;371
nnd;680
djx;972
epe;207
csy;369
bqj;797
mip;693
grq;918
jrz;765
mqo;914
ggt;660
fmb;555
ikr;541
anr;75
hav;23
cmr;795
jzt;333
dor;2
glz;676
fzv;804
fmh;243
nss;900
mhe;426
iqd;417
fcb;323
fbd;764
dlq;492
bmi;353
hps;896
mau;14
nzf;475
ctd;252
ncz;947
dde;180
bku;90
nwh;503
fga;906
okb;869
dqd;55
lmz;508
mqh;833
cfz;388
edd;738
bzn;211
gzn;5
ffw;435
ljv;367
klx;359
guc;478
cvq;562
hfu;365
hbm;811
fmp;270
ffp;502
gxf;487
kcu;186
jez;281
gom;336
fms;725
gzl;84
gqb;439
jgz;953
nnx;84
agk;632
dui;621
ljn;500
csg;138
bqx;534
eks;255
kkl;319
bxb;1
gpz;382
mjc;688
ead;608
daw;896
hvo;487
fqk;482
ktq;559
mvc;527
nel;137
gat;668
avh;121
jvy;819
chj;949
ojp;327
hwl;949
mgg;158
kte;817
nue;18
ben;14
etq;548
ccz;388
ich;845
maq;565
npi;763
brq;476
ldz;907
omr;58
kbv;759
dgm;1
ogh;540
eby;514
lfg;380
edx;313
nso;239
klb;200
dip;120
abj;166
hug;518
ncp;184
luf;748
iex;102
jju;338
ckk;653
dsn;851
ola;886
ikv;783
gaa;474
bdv;713
klv;381
cqj;688
fny;346
brd;23
gfm;348
dzr;478
gvz;546
cym;398
lky;888
ern;890
dxt;975
ksk;335
efh;662
eko;96
fki;150
fen;164
obh;381
fro;420
kvs;691
jkt;496
chx;455
mil;323
eds;254
akp;878
kso;754
lfh;263
klc;956
ofi;748
djq;934
bve;140
dcp;977
liq;343
ing;980
frh;365
jqa;619
kwb;279
ale;588
kwj;91
gec;834
ask;754
ofg;708
did;485
cxw;126
cxq;643
mvv;290
ofb;197
jxi;617
iut;303
ban;578
gev;110
cqv;907
jmd;722
ohz;101
kkv;503
mks;924
dpj;343
agi;649
ado;574
akw;692
hpl;486
gui;585
nlt;208
feh;423
nyt;744
gvf;4
bsu;837
gvu;244
gpl;610
lus;28
cvg;246
dvs;256
gdz;543
ong;149
krq;642
hma;566
nmy;264
nhh;80
gij;408
nvh;567
efp;969
iqg;198
cqt;565
emb;205
juc;308
iyf;783
aya;992
kpg;655
bth;48
jmx;970
kpw;579
lvd;549
gly;290
mye;842
flr;256
krn;344
aod;324
ivr;152
kac;127
gdh;522
frm;430
mlc;682
mck;842
khf;669
cwl;635
obs;38
hwq;893
ctp;883
bxw;155
ftm;638
ers;118
acl;81
nyz;913
bzm;736
btb;606
ksr;873
esc;621
hby;848
jod;443
cgo;426
mwv;381
ixm;243
gcm;873
apx;823
kfe;88
kne;698
dhz;355
ant;61
bbz;731
hdh;0
ndl;816
jxl;951
bxq;584
ooi;956
hso;223
ifn;234
mml;212
iwv;813
dhi;211
ejd;88
ggd;502
fes;877
fpe;911
gdy;994
bru;474
gtf;657
faz;828
omx;61
ibq;364
jta;371
lbe;852
clx;689
lgl;384
ber;555
mkf;681
ins;416
drd;683
oat;157
hcm;698
hrj;184
cpg;22
jix;82
ioy;737
ojw;875
hbt;795
bdg;624
knr;201
apr;190
mzk;480
cbb;275
ntc;802
bsf;422
nqq;423
gkj;166
dhc;905
cud;806
jat;93
bep;715
ipi;957
epz;172
djw;299
ihd;295
hep;739
eyt;785
hkd;366
erq;835
dnd;878
moh;893
afv;683
ltt;704
akl;765
ntn;628
oml;626
lbs;397
gez;602
dps;742
flt;499
bnt;154
ijh;581
hxt;959
for;96
fvx;926
aeq;384
obg;92
mef;684
lcp;414
lre;513
enx;249
igk;444
kmf;912
mjw;379
ept;829
irn;255
kly;402
brk;607
dnt;415
kkq;959
ewc;609
dmm;45
eow;162
hed;237
kew;715
lan;946
ghs;889
lpv;810
hpp;233
eui;97
jln;125
ioz;195
hfd;349
gqy;878
dbg;245
goi;507
ayp;409
kkc;731
lfz;380
mnt;960
mqy;519
ojq;132
iam;301
kjv;66
fdj;762
ckp;149
mwj;45
csi;808
eqk;258
kky;480
iyg;253
nac;944
lvw;418
cnv;934
ite;138
iem;583
ceg;274
nzu;495
cmu;438
nwm;144
bok;874
dkx;810
lci;99
lkp;306
nyn;447
kuo;454
lnp;976
cqe;846
bqz;67
cvv;784
cmw;399
bqo;967
dgy;963
kzf;146
kdz;746
doc;593
oue;421
lvr;627
och;958
ilz;832
cfg;36
hqg;572
eme;389
bxl;655
bma;337
bpt;361
hns;796
nvc;364
axd;746
osa;995
nfh;269
hir;712
grm;941
lak;960
fzd;911
myt;448
bah;302
aly;500
lop;531
jfg;213
cdh;498
nnz;484
gam;63
nmt;356
enb;248
igv;104
boc;28
glw;737
eus;774
nlp;99
mvw;244
nun;820
mkr;905
lsm;951
aqi;701
hxf;789
ain;940
kei;745
nyo;409
brv;27
inb;399
nsa;755
awy;656
mta;232
mnb;655
htt;447
erg;792
new;969
kxl;417
evx;579
bzv;391
age;509
dzj;943
jxq;198
bfk;988
haf;738
ifw;284
hoi;451
mhn;608
dlv;526
lnf;725
azo;812
fzl;316
atm;898
gzd;19
knq;692
mfk;630
exa;715
nxz;289
kwk;911
iop;130
fgk;446
ahf;450
acz;464
bcx;201
kik;129
agw;728
cah;882
hcn;265
kdd;202
dsf;855
hgg;430
bot;589
izf;250
dkn;276
iso;85
gyd;552
frr;420
mrc;777
ltq;798
jnp;94
eod;325
eyi;24
gsm;239
asn;871
mgd;950
nfs;518
gxa;227
fhi;45
jfq;186
obo;217
mjl;899
gyc;655
iku;585
hfb;364
lmh;549
hxz;958
ngc;652
ftg;213
gol;274
jcz;433
cnm;671
khz;791
hld;540
mmd;751
elg;129
igw;412
kca;562
nfd;198
epg;635
bso;54
nmg;45
huc;330
kxc;552
fkk;566
anc;20
eah;298
erd;95
lyu;445
gmh;66
hhc;423
fut;88
kql;165
nsm;462
ait;784
nmv;244
lex;777
idn;120
aol;784
mjr;548
ezs;258
bdu;303
iyk;263
cpp;987
daf;952
gal;500
obt;883
dhp;262
ajy;186
hbf;566
jtz;694
hlv;595
dwv;588
jwl;234
hzl;578
nrr;252
cui;394
hhx;654
hna;215
jgw;604
enj;640
jao;365
jjg;54
edi;308
ftb;461
axc;885
gce;189
flq;250
jtf;312
gcy;448
frz;87
nvz;263
ktw;840
nva;384
hff;957
aci;0
ekp;141
hkv;327
nbg;207
fwp;365
coe;446
ewf;942
mas;868
exe;681
jvx;626
htp;669
ian;300
mhl;597
apw;374
dnx;369
otj;851
ajo;41
fju;153
atn;187
jxo;76
bpf;579
grj;891
csb;307
bao;250
lys;966
dwf;654
eyz;803
agr;270
mod;108
hrg;937
jqd;506
hmx;944
mkw;975
lig;229
csq;392
onj;641
